
> storefrontapp@0.0.0 build:libs
> ts-node ./scripts/i18n/validate-translations-json-files.ts && nx build core --configuration production && nx build storefrontlib --configuration production && concurrently --kill-others-on-fail npm:build:schematics npm:build:user && npm run build:cart && npm run build:pdf-invoices && npm run build:order && npm run build:storefinder && concurrently --kill-others-on-fail npm:build:checkout npm:build:asm npm:build:tracking npm:build:customer-ticketing npm:build:subscription-billing && concurrently --kill-others-on-fail npm:build:organization npm:build:product npm:build:product-configurator npm:build:product-multi-dimensional && concurrently --kill-others-on-fail npm:build:requested-delivery-date && concurrently --kill-others-on-fail npm:build:estimated-delivery-date npm:build:pickup-in-store && concurrently --kill-others-on-fail npm:build:smartedit npm:build:qualtrics npm:build:assets npm:build:cds npm:build:cdc npm:build:cdp npm:build:digital-payments npm:build:epd-visualization npm:build:s4om npm:build:omf npm:build:cpq-quote npm:build:segment-refs npm:build:opf npm:build:punchout npm:build:opps npm:build:quote && npm run build:setup && npm run build:s4-service

Validating translation files...
✅ All translations passed validation!

> nx run core:build:production

[34mBuilding Angular Package[39m
[37m[39m
[37m------------------------------------------------------------------------------[39m
[37mBuilding entry point '@spartacus/core'[39m
[37m------------------------------------------------------------------------------[39m
- Compiling with Angular sources in Ivy partial compilation mode.
[32m✔[39m Compiling with Angular sources in Ivy partial compilation mode.
[32m✔[39m Generating FESM bundles
- Copying assets
[32m✔[39m Copying assets
- Writing package manifest
[32m✔[39m Writing package manifest
[32m✔[39m Built @spartacus/core
[32m[39m
[32m------------------------------------------------------------------------------[39m
[32mBuilt Angular Package[39m
[32m - from: /Users/I845016/dev/spartacus/jdk21/server_test_devci77/spartacus/projects/core[39m
[32m - to:   /Users/I845016/dev/spartacus/jdk21/server_test_devci77/spartacus/dist/core[39m
[32m------------------------------------------------------------------------------[39m
[37m[37m[39m[37m[39m
[37m[37mBuild at: [1m2025-10-21T17:29:37.652Z[22m - Time: [1m8439[22mms[39m[37m[39m
[37m[37m[39m[37m[39m
[37mPropagated types from dist/core/public_api.d.ts to dist/core/index.d.ts[39m



 NX   Successfully ran target build for project core



> nx run storefrontlib:build:production

[34mBuilding Angular Package[39m
[37m[39m
[37m------------------------------------------------------------------------------[39m
[37mBuilding entry point '@spartacus/storefront'[39m
[37m------------------------------------------------------------------------------[39m
- Compiling with Angular sources in Ivy partial compilation mode.
[32m✔[39m Compiling with Angular sources in Ivy partial compilation mode.
[32m✔[39m Generating FESM bundles
- Copying assets
[32m✔[39m Copying assets
- Writing package manifest
[32m✔[39m Writing package manifest
[32m✔[39m Built @spartacus/storefront
[32m[39m
[32m------------------------------------------------------------------------------[39m
[32mBuilt Angular Package[39m
[32m - from: /Users/I845016/dev/spartacus/jdk21/server_test_devci77/spartacus/projects/storefrontlib[39m
[32m - to:   /Users/I845016/dev/spartacus/jdk21/server_test_devci77/spartacus/dist/storefrontlib[39m
[32m------------------------------------------------------------------------------[39m
[37m[37m[39m[37m[39m
[37m[37mBuild at: [1m2025-10-21T17:29:47.036Z[22m - Time: [1m7728[22mms[39m[37m[39m
[37m[37m[39m[37m[39m
[37mPropagated types from dist/storefrontlib/public_api.d.ts to dist/storefrontlib/index.d.ts[39m



 NX   Successfully ran target build for project storefrontlib


[build:schematics] 
[build:schematics] > storefrontapp@0.0.0 build:schematics
[build:schematics] > npm --prefix projects/schematics run build
[build:schematics] 
[build:user] 
[build:user] > storefrontapp@0.0.0 build:user
[build:user] > npm --prefix feature-libs/user run build:schematics && nx build user --configuration production
[build:user] 
[build:schematics] 
[build:schematics] > @spartacus/schematics@221121.2.0 build
[build:schematics] > npm run clean && npm --prefix ../../ run generate:deps && ../../node_modules/.bin/tsc -p ./tsconfig.schematics.json
[build:schematics] 
[build:user] 
[build:user] > @spartacus/user@221121.2.0 build:schematics
[build:user] > npm run clean:schematics && ../../node_modules/.bin/tsc -p ./tsconfig.schematics.json
[build:user] 
[build:schematics] 
[build:schematics] > @spartacus/schematics@221121.2.0 clean
[build:schematics] > ../../node_modules/.bin/rimraf --glob "index.js*" "index.d.ts" "src/**/*.js" "src/**/*.js.map" "src/**/*.d.ts" && npm run copy-feature-toggles
[build:schematics] 
[build:user] 
[build:user] > @spartacus/user@221121.2.0 clean:schematics
[build:user] > ../../node_modules/.bin/rimraf --glob "schematics/**/*.js" "schematics/**/*.js.map" "schematics/**/*.d.ts"
[build:user] 
[build:schematics] 
[build:schematics] > @spartacus/schematics@221121.2.0 copy-feature-toggles
[build:schematics] > node copy-feature-toggles
[build:schematics] 
[build:schematics] 
[build:schematics] > storefrontapp@0.0.0 generate:deps
[build:schematics] > ts-node ./tools/schematics/dependency-collector.ts
[build:schematics] 
[build:user] 
[build:user] > nx run user:build:production
[build:user] 
[build:user] [34mBuilding Angular Package[39m
[build:user] [37m[39m
[build:user] [37m------------------------------------------------------------------------------[39m
[build:user] [37mBuilding entry point '@spartacus/user/account/root'[39m
[build:user] [37m------------------------------------------------------------------------------[39m
[build:user] - Compiling with Angular sources in Ivy partial compilation mode.
[build:schematics] npm run build:schematics exited with code 0
[build:user] [32m✔[39m Compiling with Angular sources in Ivy partial compilation mode.
[build:user] [32m✔[39m Generating FESM bundles
[build:user] [32m✔[39m Built @spartacus/user/account/root
[build:user] [37m[39m
[build:user] [37m------------------------------------------------------------------------------[39m
[build:user] [37mBuilding entry point '@spartacus/user/account/components'[39m
[build:user] [37m------------------------------------------------------------------------------[39m
[build:user] - Compiling with Angular sources in Ivy partial compilation mode.
[build:user] [32m✔[39m Compiling with Angular sources in Ivy partial compilation mode.
[build:user] [32m✔[39m Generating FESM bundles
[build:user] [32m✔[39m Built @spartacus/user/account/components
[build:user] [37m[39m
[build:user] [37m------------------------------------------------------------------------------[39m
[build:user] [37mBuilding entry point '@spartacus/user/account/core'[39m
[build:user] [37m------------------------------------------------------------------------------[39m
[build:user] - Compiling with Angular sources in Ivy partial compilation mode.
[build:user] [32m✔[39m Compiling with Angular sources in Ivy partial compilation mode.
[build:user] [32m✔[39m Generating FESM bundles
[build:user] [32m✔[39m Built @spartacus/user/account/core
[build:user] [37m[39m
[build:user] [37m------------------------------------------------------------------------------[39m
[build:user] [37mBuilding entry point '@spartacus/user/account/occ'[39m
[build:user] [37m------------------------------------------------------------------------------[39m
[build:user] - Compiling with Angular sources in Ivy partial compilation mode.
[build:user] [32m✔[39m Compiling with Angular sources in Ivy partial compilation mode.
[build:user] [32m✔[39m Generating FESM bundles
[build:user] [32m✔[39m Built @spartacus/user/account/occ
[build:user] [37m[39m
[build:user] [37m------------------------------------------------------------------------------[39m
[build:user] [37mBuilding entry point '@spartacus/user/account'[39m
[build:user] [37m------------------------------------------------------------------------------[39m
[build:user] - Compiling with Angular sources in Ivy partial compilation mode.
[build:user] [32m✔[39m Compiling with Angular sources in Ivy partial compilation mode.
[build:user] [32m✔[39m Generating FESM bundles
[build:user] [32m✔[39m Built @spartacus/user/account
[build:user] [37m[39m
[build:user] [37m------------------------------------------------------------------------------[39m
[build:user] [37mBuilding entry point '@spartacus/user/profile/root'[39m
[build:user] [37m------------------------------------------------------------------------------[39m
[build:user] - Compiling with Angular sources in Ivy partial compilation mode.
[build:user] [32m✔[39m Compiling with Angular sources in Ivy partial compilation mode.
[build:user] [32m✔[39m Generating FESM bundles
[build:user] [32m✔[39m Built @spartacus/user/profile/root
[build:user] [37m[39m
[build:user] [37m------------------------------------------------------------------------------[39m
[build:user] [37mBuilding entry point '@spartacus/user/profile/components'[39m
[build:user] [37m------------------------------------------------------------------------------[39m
[build:user] - Compiling with Angular sources in Ivy partial compilation mode.
[build:user] [32m✔[39m Compiling with Angular sources in Ivy partial compilation mode.
[build:user] [32m✔[39m Generating FESM bundles
[build:user] [32m✔[39m Built @spartacus/user/profile/components
[build:user] [37m[39m
[build:user] [37m------------------------------------------------------------------------------[39m
[build:user] [37mBuilding entry point '@spartacus/user/profile/core'[39m
[build:user] [37m------------------------------------------------------------------------------[39m
[build:user] - Compiling with Angular sources in Ivy partial compilation mode.
[build:user] [32m✔[39m Compiling with Angular sources in Ivy partial compilation mode.
[build:user] [32m✔[39m Generating FESM bundles
[build:user] [32m✔[39m Built @spartacus/user/profile/core
[build:user] [37m[39m
[build:user] [37m------------------------------------------------------------------------------[39m
[build:user] [37mBuilding entry point '@spartacus/user/profile/occ'[39m
[build:user] [37m------------------------------------------------------------------------------[39m
[build:user] - Compiling with Angular sources in Ivy partial compilation mode.
[build:user] [32m✔[39m Compiling with Angular sources in Ivy partial compilation mode.
[build:user] [32m✔[39m Generating FESM bundles
[build:user] [32m✔[39m Built @spartacus/user/profile/occ
[build:user] [37m[39m
[build:user] [37m------------------------------------------------------------------------------[39m
[build:user] [37mBuilding entry point '@spartacus/user/profile'[39m
[build:user] [37m------------------------------------------------------------------------------[39m
[build:user] - Compiling with Angular sources in Ivy partial compilation mode.
[build:user] [32m✔[39m Compiling with Angular sources in Ivy partial compilation mode.
[build:user] [32m✔[39m Generating FESM bundles
[build:user] [32m✔[39m Built @spartacus/user/profile
[build:user] [37m[39m
[build:user] [37m------------------------------------------------------------------------------[39m
[build:user] [37mBuilding entry point '@spartacus/user'[39m
[build:user] [37m------------------------------------------------------------------------------[39m
[build:user] - Compiling with Angular sources in Ivy partial compilation mode.
[build:user] [32m✔[39m Compiling with Angular sources in Ivy partial compilation mode.
[build:user] [32m✔[39m Generating FESM bundles
[build:user] - Copying assets
[build:user] [32m✔[39m Copying assets
[build:user] - Writing package manifest
[build:user] [34mℹ[39m Removing scripts section in package.json as it's considered a potential security vulnerability.
[build:user] [32m✔[39m Writing package manifest
[build:user] [32m✔[39m Built @spartacus/user
[build:user] [37m[39m
[build:user] [37m------------------------------------------------------------------------------[39m
[build:user] [37mBuilding entry point '@spartacus/user/account/assets'[39m
[build:user] [37m------------------------------------------------------------------------------[39m
[build:user] - Compiling with Angular sources in Ivy partial compilation mode.
[build:user] [32m✔[39m Compiling with Angular sources in Ivy partial compilation mode.
[build:user] [32m✔[39m Generating FESM bundles
[build:user] [32m✔[39m Built @spartacus/user/account/assets
[build:user] [37m[39m
[build:user] [37m------------------------------------------------------------------------------[39m
[build:user] [37mBuilding entry point '@spartacus/user/profile/assets'[39m
[build:user] [37m------------------------------------------------------------------------------[39m
[build:user] - Compiling with Angular sources in Ivy partial compilation mode.
[build:user] [32m✔[39m Compiling with Angular sources in Ivy partial compilation mode.
[build:user] [32m✔[39m Generating FESM bundles
[build:user] [32m✔[39m Built @spartacus/user/profile/assets
[build:user] [32m[39m
[build:user] [32m------------------------------------------------------------------------------[39m
[build:user] [32mBuilt Angular Package[39m
[build:user] [32m - from: /Users/I845016/dev/spartacus/jdk21/server_test_devci77/spartacus/feature-libs/user[39m
[build:user] [32m - to:   /Users/I845016/dev/spartacus/jdk21/server_test_devci77/spartacus/dist/user[39m
[build:user] [32m------------------------------------------------------------------------------[39m
[build:user] [37m[37m[39m[37m[39m
[build:user] [37m[37mBuild at: [1m2025-10-21T17:30:06.418Z[22m - Time: [1m12809[22mms[39m[37m[39m
[build:user] [37m[37m[39m[37m[39m
[build:user] 
[build:user] 
[build:user] 
[build:user]  NX   Successfully ran target build for project user
[build:user] 
[build:user] 
[build:user] npm run build:user exited with code 0

> storefrontapp@0.0.0 build:cart
> npm --prefix feature-libs/cart run build:schematics && nx build cart --configuration production


> @spartacus/cart@221121.2.0 build:schematics
> npm run clean:schematics && ../../node_modules/.bin/tsc -p ./tsconfig.schematics.json


> @spartacus/cart@221121.2.0 clean:schematics
> ../../node_modules/.bin/rimraf --glob "schematics/**/*.js" "schematics/**/*.js.map" "schematics/**/*.d.ts"


> nx run cart:build:production

[34mBuilding Angular Package[39m
[37m[39m
[37m------------------------------------------------------------------------------[39m
[37mBuilding entry point '@spartacus/cart'[39m
[37m------------------------------------------------------------------------------[39m
- Compiling with Angular sources in Ivy partial compilation mode.
[32m✔[39m Compiling with Angular sources in Ivy partial compilation mode.
[32m✔[39m Generating FESM bundles
- Copying assets
[32m✔[39m Copying assets
- Writing package manifest
[34mℹ[39m Removing scripts section in package.json as it's considered a potential security vulnerability.
[32m✔[39m Writing package manifest
[32m✔[39m Built @spartacus/cart
[37m[39m
[37m------------------------------------------------------------------------------[39m
[37mBuilding entry point '@spartacus/cart/base/root'[39m
[37m------------------------------------------------------------------------------[39m
- Compiling with Angular sources in Ivy partial compilation mode.
[32m✔[39m Compiling with Angular sources in Ivy partial compilation mode.
[32m✔[39m Generating FESM bundles
[32m✔[39m Built @spartacus/cart/base/root
[37m[39m
[37m------------------------------------------------------------------------------[39m
[37mBuilding entry point '@spartacus/cart/base/core'[39m
[37m------------------------------------------------------------------------------[39m
- Compiling with Angular sources in Ivy partial compilation mode.
[32m✔[39m Compiling with Angular sources in Ivy partial compilation mode.
[32m✔[39m Generating FESM bundles
[32m✔[39m Built @spartacus/cart/base/core
[37m[39m
[37m------------------------------------------------------------------------------[39m
[37mBuilding entry point '@spartacus/cart/base/components'[39m
[37m------------------------------------------------------------------------------[39m
- Compiling with Angular sources in Ivy partial compilation mode.
[32m✔[39m Compiling with Angular sources in Ivy partial compilation mode.
[32m✔[39m Generating FESM bundles
[32m✔[39m Built @spartacus/cart/base/components
[37m[39m
[37m------------------------------------------------------------------------------[39m
[37mBuilding entry point '@spartacus/cart/base/occ'[39m
[37m------------------------------------------------------------------------------[39m
- Compiling with Angular sources in Ivy partial compilation mode.
[32m✔[39m Compiling with Angular sources in Ivy partial compilation mode.
[32m✔[39m Generating FESM bundles
[32m✔[39m Built @spartacus/cart/base/occ
[37m[39m
[37m------------------------------------------------------------------------------[39m
[37mBuilding entry point '@spartacus/cart/base'[39m
[37m------------------------------------------------------------------------------[39m
- Compiling with Angular sources in Ivy partial compilation mode.
[32m✔[39m Compiling with Angular sources in Ivy partial compilation mode.
[32m✔[39m Generating FESM bundles
[32m✔[39m Built @spartacus/cart/base
[37m[39m
[37m------------------------------------------------------------------------------[39m
[37mBuilding entry point '@spartacus/cart/import-export/core'[39m
[37m------------------------------------------------------------------------------[39m
- Compiling with Angular sources in Ivy partial compilation mode.
[32m✔[39m Compiling with Angular sources in Ivy partial compilation mode.
[32m✔[39m Generating FESM bundles
[32m✔[39m Built @spartacus/cart/import-export/core
[37m[39m
[37m------------------------------------------------------------------------------[39m
[37mBuilding entry point '@spartacus/cart/import-export/components'[39m
[37m------------------------------------------------------------------------------[39m
- Compiling with Angular sources in Ivy partial compilation mode.
[32m✔[39m Compiling with Angular sources in Ivy partial compilation mode.
[32m✔[39m Generating FESM bundles
[32m✔[39m Built @spartacus/cart/import-export/components
[37m[39m
[37m------------------------------------------------------------------------------[39m
[37mBuilding entry point '@spartacus/cart/import-export'[39m
[37m------------------------------------------------------------------------------[39m
- Compiling with Angular sources in Ivy partial compilation mode.
[32m✔[39m Compiling with Angular sources in Ivy partial compilation mode.
[32m✔[39m Generating FESM bundles
[32m✔[39m Built @spartacus/cart/import-export
[37m[39m
[37m------------------------------------------------------------------------------[39m
[37mBuilding entry point '@spartacus/cart/quick-order/root'[39m
[37m------------------------------------------------------------------------------[39m
- Compiling with Angular sources in Ivy partial compilation mode.
[32m✔[39m Compiling with Angular sources in Ivy partial compilation mode.
[32m✔[39m Generating FESM bundles
[32m✔[39m Built @spartacus/cart/quick-order/root
[37m[39m
[37m------------------------------------------------------------------------------[39m
[37mBuilding entry point '@spartacus/cart/quick-order/core'[39m
[37m------------------------------------------------------------------------------[39m
- Compiling with Angular sources in Ivy partial compilation mode.
[32m✔[39m Compiling with Angular sources in Ivy partial compilation mode.
[32m✔[39m Generating FESM bundles
[32m✔[39m Built @spartacus/cart/quick-order/core
[37m[39m
[37m------------------------------------------------------------------------------[39m
[37mBuilding entry point '@spartacus/cart/quick-order/components'[39m
[37m------------------------------------------------------------------------------[39m
- Compiling with Angular sources in Ivy partial compilation mode.
[32m✔[39m Compiling with Angular sources in Ivy partial compilation mode.
[32m✔[39m Generating FESM bundles
[32m✔[39m Built @spartacus/cart/quick-order/components
[37m[39m
[37m------------------------------------------------------------------------------[39m
[37mBuilding entry point '@spartacus/cart/quick-order'[39m
[37m------------------------------------------------------------------------------[39m
- Compiling with Angular sources in Ivy partial compilation mode.
[32m✔[39m Compiling with Angular sources in Ivy partial compilation mode.
[32m✔[39m Generating FESM bundles
[32m✔[39m Built @spartacus/cart/quick-order
[37m[39m
[37m------------------------------------------------------------------------------[39m
[37mBuilding entry point '@spartacus/cart/saved-cart/root'[39m
[37m------------------------------------------------------------------------------[39m
- Compiling with Angular sources in Ivy partial compilation mode.
[32m✔[39m Compiling with Angular sources in Ivy partial compilation mode.
[32m✔[39m Generating FESM bundles
[32m✔[39m Built @spartacus/cart/saved-cart/root
[37m[39m
[37m------------------------------------------------------------------------------[39m
[37mBuilding entry point '@spartacus/cart/base/components/add-to-cart'[39m
[37m------------------------------------------------------------------------------[39m
- Compiling with Angular sources in Ivy partial compilation mode.
[32m✔[39m Compiling with Angular sources in Ivy partial compilation mode.
[32m✔[39m Generating FESM bundles
[32m✔[39m Built @spartacus/cart/base/components/add-to-cart
[37m[39m
[37m------------------------------------------------------------------------------[39m
[37mBuilding entry point '@spartacus/cart/saved-cart/components'[39m
[37m------------------------------------------------------------------------------[39m
- Compiling with Angular sources in Ivy partial compilation mode.
[32m✔[39m Compiling with Angular sources in Ivy partial compilation mode.
[32m✔[39m Generating FESM bundles
[32m✔[39m Built @spartacus/cart/saved-cart/components
[37m[39m
[37m------------------------------------------------------------------------------[39m
[37mBuilding entry point '@spartacus/cart/saved-cart/core'[39m
[37m------------------------------------------------------------------------------[39m
- Compiling with Angular sources in Ivy partial compilation mode.
[32m✔[39m Compiling with Angular sources in Ivy partial compilation mode.
[32m✔[39m Generating FESM bundles
[32m✔[39m Built @spartacus/cart/saved-cart/core
[37m[39m
[37m------------------------------------------------------------------------------[39m
[37mBuilding entry point '@spartacus/cart/saved-cart/occ'[39m
[37m------------------------------------------------------------------------------[39m
- Compiling with Angular sources in Ivy partial compilation mode.
[32m✔[39m Compiling with Angular sources in Ivy partial compilation mode.
[32m✔[39m Generating FESM bundles
[32m✔[39m Built @spartacus/cart/saved-cart/occ
[37m[39m
[37m------------------------------------------------------------------------------[39m
[37mBuilding entry point '@spartacus/cart/saved-cart'[39m
[37m------------------------------------------------------------------------------[39m
- Compiling with Angular sources in Ivy partial compilation mode.
[32m✔[39m Compiling with Angular sources in Ivy partial compilation mode.
[32m✔[39m Generating FESM bundles
[32m✔[39m Built @spartacus/cart/saved-cart
[37m[39m
[37m------------------------------------------------------------------------------[39m
[37mBuilding entry point '@spartacus/cart/wish-list/root'[39m
[37m------------------------------------------------------------------------------[39m
- Compiling with Angular sources in Ivy partial compilation mode.
[32m✔[39m Compiling with Angular sources in Ivy partial compilation mode.
[32m✔[39m Generating FESM bundles
[32m✔[39m Built @spartacus/cart/wish-list/root
[37m[39m
[37m------------------------------------------------------------------------------[39m
[37mBuilding entry point '@spartacus/cart/wish-list/components'[39m
[37m------------------------------------------------------------------------------[39m
- Compiling with Angular sources in Ivy partial compilation mode.
[32m✔[39m Compiling with Angular sources in Ivy partial compilation mode.
[32m✔[39m Generating FESM bundles
[32m✔[39m Built @spartacus/cart/wish-list/components
[37m[39m
[37m------------------------------------------------------------------------------[39m
[37mBuilding entry point '@spartacus/cart/wish-list/core'[39m
[37m------------------------------------------------------------------------------[39m
- Compiling with Angular sources in Ivy partial compilation mode.
[32m✔[39m Compiling with Angular sources in Ivy partial compilation mode.
[32m✔[39m Generating FESM bundles
[32m✔[39m Built @spartacus/cart/wish-list/core
[37m[39m
[37m------------------------------------------------------------------------------[39m
[37mBuilding entry point '@spartacus/cart/wish-list'[39m
[37m------------------------------------------------------------------------------[39m
- Compiling with Angular sources in Ivy partial compilation mode.
[32m✔[39m Compiling with Angular sources in Ivy partial compilation mode.
[32m✔[39m Generating FESM bundles
[32m✔[39m Built @spartacus/cart/wish-list
[37m[39m
[37m------------------------------------------------------------------------------[39m
[37mBuilding entry point '@spartacus/cart/base/assets'[39m
[37m------------------------------------------------------------------------------[39m
- Compiling with Angular sources in Ivy partial compilation mode.
[32m✔[39m Compiling with Angular sources in Ivy partial compilation mode.
[32m✔[39m Generating FESM bundles
[32m✔[39m Built @spartacus/cart/base/assets
[37m[39m
[37m------------------------------------------------------------------------------[39m
[37mBuilding entry point '@spartacus/cart/import-export/assets'[39m
[37m------------------------------------------------------------------------------[39m
- Compiling with Angular sources in Ivy partial compilation mode.
[32m✔[39m Compiling with Angular sources in Ivy partial compilation mode.
[32m✔[39m Generating FESM bundles
[32m✔[39m Built @spartacus/cart/import-export/assets
[37m[39m
[37m------------------------------------------------------------------------------[39m
[37mBuilding entry point '@spartacus/cart/import-export/root'[39m
[37m------------------------------------------------------------------------------[39m
- Compiling with Angular sources in Ivy partial compilation mode.
[32m✔[39m Compiling with Angular sources in Ivy partial compilation mode.
[32m✔[39m Generating FESM bundles
[32m✔[39m Built @spartacus/cart/import-export/root
[37m[39m
[37m------------------------------------------------------------------------------[39m
[37mBuilding entry point '@spartacus/cart/quick-order/assets'[39m
[37m------------------------------------------------------------------------------[39m
- Compiling with Angular sources in Ivy partial compilation mode.
[32m✔[39m Compiling with Angular sources in Ivy partial compilation mode.
[32m✔[39m Generating FESM bundles
[32m✔[39m Built @spartacus/cart/quick-order/assets
[37m[39m
[37m------------------------------------------------------------------------------[39m
[37mBuilding entry point '@spartacus/cart/saved-cart/assets'[39m
[37m------------------------------------------------------------------------------[39m
- Compiling with Angular sources in Ivy partial compilation mode.
[32m✔[39m Compiling with Angular sources in Ivy partial compilation mode.
[32m✔[39m Generating FESM bundles
[32m✔[39m Built @spartacus/cart/saved-cart/assets
[37m[39m
[37m------------------------------------------------------------------------------[39m
[37mBuilding entry point '@spartacus/cart/wish-list/assets'[39m
[37m------------------------------------------------------------------------------[39m
- Compiling with Angular sources in Ivy partial compilation mode.
[32m✔[39m Compiling with Angular sources in Ivy partial compilation mode.
[32m✔[39m Generating FESM bundles
[32m✔[39m Built @spartacus/cart/wish-list/assets
[37m[39m
[37m------------------------------------------------------------------------------[39m
[37mBuilding entry point '@spartacus/cart/base/components/mini-cart'[39m
[37m------------------------------------------------------------------------------[39m
- Compiling with Angular sources in Ivy partial compilation mode.
[32m✔[39m Compiling with Angular sources in Ivy partial compilation mode.
[32m✔[39m Generating FESM bundles
[32m✔[39m Built @spartacus/cart/base/components/mini-cart
[37m[39m
[37m------------------------------------------------------------------------------[39m
[37mBuilding entry point '@spartacus/cart/wish-list/components/add-to-wishlist'[39m
[37m------------------------------------------------------------------------------[39m
- Compiling with Angular sources in Ivy partial compilation mode.
[32m✔[39m Compiling with Angular sources in Ivy partial compilation mode.
[32m✔[39m Generating FESM bundles
[32m✔[39m Built @spartacus/cart/wish-list/components/add-to-wishlist
[32m[39m
[32m------------------------------------------------------------------------------[39m
[32mBuilt Angular Package[39m
[32m - from: /Users/I845016/dev/spartacus/jdk21/server_test_devci77/spartacus/feature-libs/cart[39m
[32m - to:   /Users/I845016/dev/spartacus/jdk21/server_test_devci77/spartacus/dist/cart[39m
[32m------------------------------------------------------------------------------[39m
[37m[37m[39m[37m[39m
[37m[37mBuild at: [1m2025-10-21T17:30:37.706Z[22m - Time: [1m27419[22mms[39m[37m[39m
[37m[37m[39m[37m[39m



 NX   Successfully ran target build for project cart



> storefrontapp@0.0.0 build:pdf-invoices
> npm --prefix feature-libs/pdf-invoices run build:schematics && nx build pdf-invoices --configuration production


> @spartacus/pdf-invoices@221121.2.0 build:schematics
> npm run clean:schematics && ../../node_modules/.bin/tsc -p ./tsconfig.schematics.json


> @spartacus/pdf-invoices@221121.2.0 clean:schematics
> ../../node_modules/.bin/rimraf --glob "schematics/**/*.js" "schematics/**/*.js.map" "schematics/**/*.d.ts"


> nx run pdf-invoices:build:production

[34mBuilding Angular Package[39m
[37m[39m
[37m------------------------------------------------------------------------------[39m
[37mBuilding entry point '@spartacus/pdf-invoices/root'[39m
[37m------------------------------------------------------------------------------[39m
- Compiling with Angular sources in Ivy partial compilation mode.
[32m✔[39m Compiling with Angular sources in Ivy partial compilation mode.
[32m✔[39m Generating FESM bundles
[32m✔[39m Built @spartacus/pdf-invoices/root
[37m[39m
[37m------------------------------------------------------------------------------[39m
[37mBuilding entry point '@spartacus/pdf-invoices/components'[39m
[37m------------------------------------------------------------------------------[39m
- Compiling with Angular sources in Ivy partial compilation mode.
[32m✔[39m Compiling with Angular sources in Ivy partial compilation mode.
[32m✔[39m Generating FESM bundles
[32m✔[39m Built @spartacus/pdf-invoices/components
[37m[39m
[37m------------------------------------------------------------------------------[39m
[37mBuilding entry point '@spartacus/pdf-invoices/core'[39m
[37m------------------------------------------------------------------------------[39m
- Compiling with Angular sources in Ivy partial compilation mode.
[32m✔[39m Compiling with Angular sources in Ivy partial compilation mode.
[32m✔[39m Generating FESM bundles
[32m✔[39m Built @spartacus/pdf-invoices/core
[37m[39m
[37m------------------------------------------------------------------------------[39m
[37mBuilding entry point '@spartacus/pdf-invoices/occ'[39m
[37m------------------------------------------------------------------------------[39m
- Compiling with Angular sources in Ivy partial compilation mode.
[32m✔[39m Compiling with Angular sources in Ivy partial compilation mode.
[32m✔[39m Generating FESM bundles
[32m✔[39m Built @spartacus/pdf-invoices/occ
[37m[39m
[37m------------------------------------------------------------------------------[39m
[37mBuilding entry point '@spartacus/pdf-invoices'[39m
[37m------------------------------------------------------------------------------[39m
- Compiling with Angular sources in Ivy partial compilation mode.
[32m✔[39m Compiling with Angular sources in Ivy partial compilation mode.
[32m✔[39m Generating FESM bundles
- Copying assets
[32m✔[39m Copying assets
- Writing package manifest
[34mℹ[39m Removing scripts section in package.json as it's considered a potential security vulnerability.
[32m✔[39m Writing package manifest
[32m✔[39m Built @spartacus/pdf-invoices
[37m[39m
[37m------------------------------------------------------------------------------[39m
[37mBuilding entry point '@spartacus/pdf-invoices/assets'[39m
[37m------------------------------------------------------------------------------[39m
- Compiling with Angular sources in Ivy partial compilation mode.
[32m✔[39m Compiling with Angular sources in Ivy partial compilation mode.
[32m✔[39m Generating FESM bundles
[32m✔[39m Built @spartacus/pdf-invoices/assets
[32m[39m
[32m------------------------------------------------------------------------------[39m
[32mBuilt Angular Package[39m
[32m - from: /Users/I845016/dev/spartacus/jdk21/server_test_devci77/spartacus/feature-libs/pdf-invoices[39m
[32m - to:   /Users/I845016/dev/spartacus/jdk21/server_test_devci77/spartacus/dist/pdf-invoices[39m
[32m------------------------------------------------------------------------------[39m
[37m[37m[39m[37m[39m
[37m[37mBuild at: [1m2025-10-21T17:30:47.355Z[22m - Time: [1m5542[22mms[39m[37m[39m
[37m[37m[39m[37m[39m



 NX   Successfully ran target build for project pdf-invoices



> storefrontapp@0.0.0 build:order
> npm --prefix feature-libs/order run build:schematics && nx build order --configuration production


> @spartacus/order@221121.2.0 build:schematics
> npm run clean:schematics && ../../node_modules/.bin/tsc -p ./tsconfig.schematics.json


> @spartacus/order@221121.2.0 clean:schematics
> ../../node_modules/.bin/rimraf --glob "schematics/**/*.js" "schematics/**/*.js.map" "schematics/**/*.d.ts"


> nx run order:build:production

[34mBuilding Angular Package[39m
[37m[39m
[37m------------------------------------------------------------------------------[39m
[37mBuilding entry point '@spartacus/order/root'[39m
[37m------------------------------------------------------------------------------[39m
- Compiling with Angular sources in Ivy partial compilation mode.
[32m✔[39m Compiling with Angular sources in Ivy partial compilation mode.
[32m✔[39m Generating FESM bundles
[32m✔[39m Built @spartacus/order/root
[37m[39m
[37m------------------------------------------------------------------------------[39m
[37mBuilding entry point '@spartacus/order/core'[39m
[37m------------------------------------------------------------------------------[39m
- Compiling with Angular sources in Ivy partial compilation mode.
[32m✔[39m Compiling with Angular sources in Ivy partial compilation mode.
[32m✔[39m Generating FESM bundles
[32m✔[39m Built @spartacus/order/core
[37m[39m
[37m------------------------------------------------------------------------------[39m
[37mBuilding entry point '@spartacus/order/components'[39m
[37m------------------------------------------------------------------------------[39m
- Compiling with Angular sources in Ivy partial compilation mode.
[32m✔[39m Compiling with Angular sources in Ivy partial compilation mode.
[32m✔[39m Generating FESM bundles
[32m✔[39m Built @spartacus/order/components
[37m[39m
[37m------------------------------------------------------------------------------[39m
[37mBuilding entry point '@spartacus/order/occ'[39m
[37m------------------------------------------------------------------------------[39m
- Compiling with Angular sources in Ivy partial compilation mode.
[32m✔[39m Compiling with Angular sources in Ivy partial compilation mode.
[32m✔[39m Generating FESM bundles
[32m✔[39m Built @spartacus/order/occ
[37m[39m
[37m------------------------------------------------------------------------------[39m
[37mBuilding entry point '@spartacus/order'[39m
[37m------------------------------------------------------------------------------[39m
- Compiling with Angular sources in Ivy partial compilation mode.
[32m✔[39m Compiling with Angular sources in Ivy partial compilation mode.
[32m✔[39m Generating FESM bundles
- Copying assets
[32m✔[39m Copying assets
- Writing package manifest
[34mℹ[39m Removing scripts section in package.json as it's considered a potential security vulnerability.
[32m✔[39m Writing package manifest
[32m✔[39m Built @spartacus/order
[37m[39m
[37m------------------------------------------------------------------------------[39m
[37mBuilding entry point '@spartacus/order/assets'[39m
[37m------------------------------------------------------------------------------[39m
- Compiling with Angular sources in Ivy partial compilation mode.
[32m✔[39m Compiling with Angular sources in Ivy partial compilation mode.
[32m✔[39m Generating FESM bundles
[32m✔[39m Built @spartacus/order/assets
[37m[39m
[37m------------------------------------------------------------------------------[39m
[37mBuilding entry point '@spartacus/order/document-flow/root'[39m
[37m------------------------------------------------------------------------------[39m
- Compiling with Angular sources in Ivy partial compilation mode.
[32m✔[39m Compiling with Angular sources in Ivy partial compilation mode.
[32m✔[39m Generating FESM bundles
[32m✔[39m Built @spartacus/order/document-flow/root
[37m[39m
[37m------------------------------------------------------------------------------[39m
[37mBuilding entry point '@spartacus/order/document-flow/components'[39m
[37m------------------------------------------------------------------------------[39m
- Compiling with Angular sources in Ivy partial compilation mode.
[32m✔[39m Compiling with Angular sources in Ivy partial compilation mode.
[32m✔[39m Generating FESM bundles
[32m✔[39m Built @spartacus/order/document-flow/components
[37m[39m
[37m------------------------------------------------------------------------------[39m
[37mBuilding entry point '@spartacus/order/document-flow/core'[39m
[37m------------------------------------------------------------------------------[39m
- Compiling with Angular sources in Ivy partial compilation mode.
[32m✔[39m Compiling with Angular sources in Ivy partial compilation mode.
[32m✔[39m Generating FESM bundles
[32m✔[39m Built @spartacus/order/document-flow/core
[37m[39m
[37m------------------------------------------------------------------------------[39m
[37mBuilding entry point '@spartacus/order/document-flow/occ'[39m
[37m------------------------------------------------------------------------------[39m
- Compiling with Angular sources in Ivy partial compilation mode.
[32m✔[39m Compiling with Angular sources in Ivy partial compilation mode.
[32m✔[39m Generating FESM bundles
[32m✔[39m Built @spartacus/order/document-flow/occ
[37m[39m
[37m------------------------------------------------------------------------------[39m
[37mBuilding entry point '@spartacus/order/document-flow'[39m
[37m------------------------------------------------------------------------------[39m
- Compiling with Angular sources in Ivy partial compilation mode.
[32m✔[39m Compiling with Angular sources in Ivy partial compilation mode.
[32m✔[39m Generating FESM bundles
[32m✔[39m Built @spartacus/order/document-flow
[37m[39m
[37m------------------------------------------------------------------------------[39m
[37mBuilding entry point '@spartacus/order/document-flow/assets'[39m
[37m------------------------------------------------------------------------------[39m
- Compiling with Angular sources in Ivy partial compilation mode.
[32m✔[39m Compiling with Angular sources in Ivy partial compilation mode.
[32m✔[39m Generating FESM bundles
[32m✔[39m Built @spartacus/order/document-flow/assets
[32m[39m
[32m------------------------------------------------------------------------------[39m
[32mBuilt Angular Package[39m
[32m - from: /Users/I845016/dev/spartacus/jdk21/server_test_devci77/spartacus/feature-libs/order[39m
[32m - to:   /Users/I845016/dev/spartacus/jdk21/server_test_devci77/spartacus/dist/order[39m
[32m------------------------------------------------------------------------------[39m
[37m[37m[39m[37m[39m
[37m[37mBuild at: [1m2025-10-21T17:31:02.976Z[22m - Time: [1m12554[22mms[39m[37m[39m
[37m[37m[39m[37m[39m



 NX   Successfully ran target build for project order



> storefrontapp@0.0.0 build:storefinder
> npm --prefix feature-libs/storefinder run build:schematics && nx build storefinder --configuration production


> @spartacus/storefinder@221121.2.0 build:schematics
> npm run clean:schematics && ../../node_modules/.bin/tsc -p ./tsconfig.schematics.json


> @spartacus/storefinder@221121.2.0 clean:schematics
> ../../node_modules/.bin/rimraf --glob "schematics/**/*.js" "schematics/**/*.js.map" "schematics/**/*.d.ts"


> nx run storefinder:build:production

[34mBuilding Angular Package[39m
[37m[39m
[37m------------------------------------------------------------------------------[39m
[37mBuilding entry point '@spartacus/storefinder/root'[39m
[37m------------------------------------------------------------------------------[39m
- Compiling with Angular sources in Ivy partial compilation mode.
[32m✔[39m Compiling with Angular sources in Ivy partial compilation mode.
[32m✔[39m Generating FESM bundles
[32m✔[39m Built @spartacus/storefinder/root
[37m[39m
[37m------------------------------------------------------------------------------[39m
[37mBuilding entry point '@spartacus/storefinder/core'[39m
[37m------------------------------------------------------------------------------[39m
- Compiling with Angular sources in Ivy partial compilation mode.
[32m✔[39m Compiling with Angular sources in Ivy partial compilation mode.
[32m✔[39m Generating FESM bundles
[32m✔[39m Built @spartacus/storefinder/core
[37m[39m
[37m------------------------------------------------------------------------------[39m
[37mBuilding entry point '@spartacus/storefinder/occ'[39m
[37m------------------------------------------------------------------------------[39m
- Compiling with Angular sources in Ivy partial compilation mode.
[32m✔[39m Compiling with Angular sources in Ivy partial compilation mode.
[32m✔[39m Generating FESM bundles
[32m✔[39m Built @spartacus/storefinder/occ
[37m[39m
[37m------------------------------------------------------------------------------[39m
[37mBuilding entry point '@spartacus/storefinder/components'[39m
[37m------------------------------------------------------------------------------[39m
- Compiling with Angular sources in Ivy partial compilation mode.
[32m✔[39m Compiling with Angular sources in Ivy partial compilation mode.
[32m✔[39m Generating FESM bundles
[32m✔[39m Built @spartacus/storefinder/components
[37m[39m
[37m------------------------------------------------------------------------------[39m
[37mBuilding entry point '@spartacus/storefinder'[39m
[37m------------------------------------------------------------------------------[39m
- Compiling with Angular sources in Ivy partial compilation mode.
[32m✔[39m Compiling with Angular sources in Ivy partial compilation mode.
[32m✔[39m Generating FESM bundles
- Copying assets
[32m✔[39m Copying assets
- Writing package manifest
[34mℹ[39m Removing scripts section in package.json as it's considered a potential security vulnerability.
[32m✔[39m Writing package manifest
[32m✔[39m Built @spartacus/storefinder
[37m[39m
[37m------------------------------------------------------------------------------[39m
[37mBuilding entry point '@spartacus/storefinder/assets'[39m
[37m------------------------------------------------------------------------------[39m
- Compiling with Angular sources in Ivy partial compilation mode.
[32m✔[39m Compiling with Angular sources in Ivy partial compilation mode.
[32m✔[39m Generating FESM bundles
[32m✔[39m Built @spartacus/storefinder/assets
[32m[39m
[32m------------------------------------------------------------------------------[39m
[32mBuilt Angular Package[39m
[32m - from: /Users/I845016/dev/spartacus/jdk21/server_test_devci77/spartacus/feature-libs/storefinder[39m
[32m - to:   /Users/I845016/dev/spartacus/jdk21/server_test_devci77/spartacus/dist/storefinder[39m
[32m------------------------------------------------------------------------------[39m
[37m[37m[39m[37m[39m
[37m[37mBuild at: [1m2025-10-21T17:31:13.184Z[22m - Time: [1m6340[22mms[39m[37m[39m
[37m[37m[39m[37m[39m



 NX   Successfully ran target build for project storefinder


[build:customer-ticketing] 
[build:customer-ticketing] > storefrontapp@0.0.0 build:customer-ticketing
[build:customer-ticketing] > npm --prefix feature-libs/customer-ticketing run build:schematics && nx build customer-ticketing --configuration production
[build:customer-ticketing] 
[build:asm] 
[build:asm] > storefrontapp@0.0.0 build:asm
[build:asm] > npm --prefix feature-libs/asm run build:schematics && nx build asm --configuration production
[build:asm] 
[build:checkout] 
[build:checkout] > storefrontapp@0.0.0 build:checkout
[build:checkout] > npm --prefix feature-libs/checkout run build:schematics && nx build checkout --configuration production
[build:checkout] 
[build:tracking] 
[build:tracking] > storefrontapp@0.0.0 build:tracking
[build:tracking] > npm --prefix feature-libs/tracking run build:schematics && nx build tracking --configuration production
[build:tracking] 
[build:subscription-billing] 
[build:subscription-billing] > storefrontapp@0.0.0 build:subscription-billing
[build:subscription-billing] > npm --prefix feature-libs/subscription-billing run build:schematics && nx build subscription-billing --configuration production
[build:subscription-billing] 
[build:tracking] 
[build:tracking] > @spartacus/tracking@221121.2.0 build:schematics
[build:tracking] > npm run clean:schematics && ../../node_modules/.bin/tsc -p ./tsconfig.schematics.json
[build:tracking] 
[build:subscription-billing] 
[build:subscription-billing] > @spartacus/subscription-billing@221121.2.0 build:schematics
[build:subscription-billing] > npm run clean:schematics && ../../node_modules/.bin/tsc -p ./tsconfig.schematics.json
[build:subscription-billing] 
[build:customer-ticketing] 
[build:customer-ticketing] > @spartacus/customer-ticketing@221121.2.0 build:schematics
[build:customer-ticketing] > npm run clean:schematics && ../../node_modules/.bin/tsc -p ./tsconfig.schematics.json
[build:customer-ticketing] 
[build:checkout] 
[build:checkout] > @spartacus/checkout@221121.2.0 build:schematics
[build:checkout] > npm run clean:schematics && ../../node_modules/.bin/tsc -p ./tsconfig.schematics.json
[build:checkout] 
[build:asm] 
[build:asm] > @spartacus/asm@221121.2.0 build:schematics
[build:asm] > npm run clean:schematics && ../../node_modules/.bin/tsc -p ./tsconfig.schematics.json
[build:asm] 
[build:tracking] 
[build:tracking] > @spartacus/tracking@221121.2.0 clean:schematics
[build:tracking] > ../../node_modules/.bin/rimraf --glob "schematics/**/*.js" "schematics/**/*.js.map" "schematics/**/*.d.ts"
[build:tracking] 
[build:checkout] 
[build:checkout] > @spartacus/checkout@221121.2.0 clean:schematics
[build:checkout] > ../../node_modules/.bin/rimraf --glob "schematics/**/*.js" "schematics/**/*.js.map" "schematics/**/*.d.ts"
[build:checkout] 
[build:subscription-billing] 
[build:subscription-billing] > @spartacus/subscription-billing@221121.2.0 clean:schematics
[build:subscription-billing] > ../../node_modules/.bin/rimraf --glob "schematics/**/*.js" "schematics/**/*.js.map" "schematics/**/*.d.ts"
[build:subscription-billing] 
[build:asm] 
[build:asm] > @spartacus/asm@221121.2.0 clean:schematics
[build:asm] > ../../node_modules/.bin/rimraf --glob "schematics/**/*.js" "schematics/**/*.js.map" "schematics/**/*.d.ts"
[build:asm] 
[build:customer-ticketing] 
[build:customer-ticketing] > @spartacus/customer-ticketing@221121.2.0 clean:schematics
[build:customer-ticketing] > ../../node_modules/.bin/rimraf --glob "schematics/**/*.js" "schematics/**/*.js.map" "schematics/**/*.d.ts"
[build:customer-ticketing] 
[build:tracking] 
[build:tracking] > nx run tracking:build:production
[build:tracking] 
[build:customer-ticketing] 
[build:customer-ticketing] > nx run customer-ticketing:build:production
[build:customer-ticketing] 
[build:asm] 
[build:asm] > nx run asm:build:production
[build:asm] 
[build:subscription-billing] 
[build:subscription-billing] > nx run subscription-billing:build:production
[build:subscription-billing] 
[build:checkout] 
[build:checkout] > nx run checkout:build:production
[build:checkout] 
[build:checkout] [34mBuilding Angular Package[39m
[build:subscription-billing] [34mBuilding Angular Package[39m
[build:asm] [34mBuilding Angular Package[39m
[build:tracking] [34mBuilding Angular Package[39m
[build:customer-ticketing] [34mBuilding Angular Package[39m
[build:tracking] [37m[39m
[build:tracking] [37m------------------------------------------------------------------------------[39m
[build:tracking] [37mBuilding entry point '@spartacus/tracking'[39m
[build:tracking] [37m------------------------------------------------------------------------------[39m
[build:tracking] - Compiling with Angular sources in Ivy partial compilation mode.
[build:subscription-billing] [37m[39m
[build:subscription-billing] [37m------------------------------------------------------------------------------[39m
[build:subscription-billing] [37mBuilding entry point '@spartacus/subscription-billing/root'[39m
[build:subscription-billing] [37m------------------------------------------------------------------------------[39m
[build:subscription-billing] - Compiling with Angular sources in Ivy partial compilation mode.
[build:tracking] [32m✔[39m Compiling with Angular sources in Ivy partial compilation mode.
[build:tracking] [32m✔[39m Generating FESM bundles
[build:tracking] - Copying assets
[build:customer-ticketing] [37m[39m
[build:customer-ticketing] [37m------------------------------------------------------------------------------[39m
[build:customer-ticketing] [37mBuilding entry point '@spartacus/customer-ticketing/root'[39m
[build:customer-ticketing] [37m------------------------------------------------------------------------------[39m
[build:customer-ticketing] - Compiling with Angular sources in Ivy partial compilation mode.
[build:tracking] [32m✔[39m Copying assets
[build:tracking] - Writing package manifest
[build:tracking] [34mℹ[39m Removing scripts section in package.json as it's considered a potential security vulnerability.
[build:tracking] [32m✔[39m Writing package manifest
[build:tracking] [32m✔[39m Built @spartacus/tracking
[build:tracking] [37m[39m
[build:tracking] [37m------------------------------------------------------------------------------[39m
[build:tracking] [37mBuilding entry point '@spartacus/tracking/personalization/root'[39m
[build:tracking] [37m------------------------------------------------------------------------------[39m
[build:tracking] - Compiling with Angular sources in Ivy partial compilation mode.
[build:asm] [37m[39m
[build:asm] [37m------------------------------------------------------------------------------[39m
[build:asm] [37mBuilding entry point '@spartacus/asm/root'[39m
[build:asm] [37m------------------------------------------------------------------------------[39m
[build:asm] - Compiling with Angular sources in Ivy partial compilation mode.
[build:tracking] [32m✔[39m Compiling with Angular sources in Ivy partial compilation mode.
[build:checkout] [37m[39m
[build:checkout] [37m------------------------------------------------------------------------------[39m
[build:checkout] [37mBuilding entry point '@spartacus/checkout'[39m
[build:checkout] [37m------------------------------------------------------------------------------[39m
[build:checkout] - Compiling with Angular sources in Ivy partial compilation mode.
[build:tracking] [32m✔[39m Generating FESM bundles
[build:tracking] [32m✔[39m Built @spartacus/tracking/personalization/root
[build:tracking] [37m[39m
[build:tracking] [37m------------------------------------------------------------------------------[39m
[build:tracking] [37mBuilding entry point '@spartacus/tracking/personalization/core'[39m
[build:tracking] [37m------------------------------------------------------------------------------[39m
[build:tracking] - Compiling with Angular sources in Ivy partial compilation mode.
[build:checkout] [32m✔[39m Compiling with Angular sources in Ivy partial compilation mode.
[build:subscription-billing] [32m✔[39m Compiling with Angular sources in Ivy partial compilation mode.
[build:checkout] [32m✔[39m Generating FESM bundles
[build:checkout] - Copying assets
[build:subscription-billing] [32m✔[39m Generating FESM bundles
[build:subscription-billing] [32m✔[39m Built @spartacus/subscription-billing/root
[build:subscription-billing] [37m[39m
[build:subscription-billing] [37m------------------------------------------------------------------------------[39m
[build:subscription-billing] [37mBuilding entry point '@spartacus/subscription-billing/core'[39m
[build:subscription-billing] [37m------------------------------------------------------------------------------[39m
[build:subscription-billing] - Compiling with Angular sources in Ivy partial compilation mode.
[build:tracking] [32m✔[39m Compiling with Angular sources in Ivy partial compilation mode.
[build:tracking] [32m✔[39m Generating FESM bundles
[build:tracking] [32m✔[39m Built @spartacus/tracking/personalization/core
[build:tracking] [37m[39m
[build:tracking] [37m------------------------------------------------------------------------------[39m
[build:tracking] [37mBuilding entry point '@spartacus/tracking/personalization'[39m
[build:tracking] [37m------------------------------------------------------------------------------[39m
[build:tracking] - Compiling with Angular sources in Ivy partial compilation mode.
[build:customer-ticketing] [32m✔[39m Compiling with Angular sources in Ivy partial compilation mode.
[build:checkout] [32m✔[39m Copying assets
[build:checkout] - Writing package manifest
[build:checkout] [34mℹ[39m Removing scripts section in package.json as it's considered a potential security vulnerability.
[build:checkout] [32m✔[39m Writing package manifest
[build:checkout] [32m✔[39m Built @spartacus/checkout
[build:checkout] [37m[39m
[build:checkout] [37m------------------------------------------------------------------------------[39m
[build:checkout] [37mBuilding entry point '@spartacus/checkout/base/root'[39m
[build:checkout] [37m------------------------------------------------------------------------------[39m
[build:checkout] - Compiling with Angular sources in Ivy partial compilation mode.
[build:customer-ticketing] [32m✔[39m Generating FESM bundles
[build:customer-ticketing] [32m✔[39m Built @spartacus/customer-ticketing/root
[build:customer-ticketing] [37m[39m
[build:customer-ticketing] [37m------------------------------------------------------------------------------[39m
[build:customer-ticketing] [37mBuilding entry point '@spartacus/customer-ticketing/components'[39m
[build:customer-ticketing] [37m------------------------------------------------------------------------------[39m
[build:customer-ticketing] - Compiling with Angular sources in Ivy partial compilation mode.
[build:tracking] [32m✔[39m Compiling with Angular sources in Ivy partial compilation mode.
[build:tracking] [32m✔[39m Generating FESM bundles
[build:tracking] [32m✔[39m Built @spartacus/tracking/personalization
[build:tracking] [37m[39m
[build:tracking] [37m------------------------------------------------------------------------------[39m
[build:tracking] [37mBuilding entry point '@spartacus/tracking/tms'[39m
[build:tracking] [37m------------------------------------------------------------------------------[39m
[build:tracking] - Compiling with Angular sources in Ivy partial compilation mode.
[build:tracking] [32m✔[39m Compiling with Angular sources in Ivy partial compilation mode.
[build:tracking] [32m✔[39m Generating FESM bundles
[build:tracking] [32m✔[39m Built @spartacus/tracking/tms
[build:tracking] [37m[39m
[build:tracking] [37m------------------------------------------------------------------------------[39m
[build:tracking] [37mBuilding entry point '@spartacus/tracking/tms/core'[39m
[build:tracking] [37m------------------------------------------------------------------------------[39m
[build:tracking] - Compiling with Angular sources in Ivy partial compilation mode.
[build:subscription-billing] [32m✔[39m Compiling with Angular sources in Ivy partial compilation mode.
[build:subscription-billing] [32m✔[39m Generating FESM bundles
[build:subscription-billing] [32m✔[39m Built @spartacus/subscription-billing/core
[build:subscription-billing] [37m[39m
[build:subscription-billing] [37m------------------------------------------------------------------------------[39m
[build:subscription-billing] [37mBuilding entry point '@spartacus/subscription-billing/components'[39m
[build:subscription-billing] [37m------------------------------------------------------------------------------[39m
[build:subscription-billing] - Compiling with Angular sources in Ivy partial compilation mode.
[build:tracking] [32m✔[39m Compiling with Angular sources in Ivy partial compilation mode.
[build:tracking] [32m✔[39m Generating FESM bundles
[build:tracking] [32m✔[39m Built @spartacus/tracking/tms/core
[build:tracking] [37m[39m
[build:tracking] [37m------------------------------------------------------------------------------[39m
[build:tracking] [37mBuilding entry point '@spartacus/tracking/tms/aep'[39m
[build:tracking] [37m------------------------------------------------------------------------------[39m
[build:tracking] - Compiling with Angular sources in Ivy partial compilation mode.
[build:customer-ticketing] [32m✔[39m Compiling with Angular sources in Ivy partial compilation mode.
[build:customer-ticketing] [32m✔[39m Generating FESM bundles
[build:customer-ticketing] [32m✔[39m Built @spartacus/customer-ticketing/components
[build:customer-ticketing] [37m[39m
[build:customer-ticketing] [37m------------------------------------------------------------------------------[39m
[build:customer-ticketing] [37mBuilding entry point '@spartacus/customer-ticketing/core'[39m
[build:customer-ticketing] [37m------------------------------------------------------------------------------[39m
[build:customer-ticketing] - Compiling with Angular sources in Ivy partial compilation mode.
[build:tracking] [32m✔[39m Compiling with Angular sources in Ivy partial compilation mode.
[build:tracking] [32m✔[39m Generating FESM bundles
[build:tracking] [32m✔[39m Built @spartacus/tracking/tms/aep
[build:tracking] [37m[39m
[build:tracking] [37m------------------------------------------------------------------------------[39m
[build:tracking] [37mBuilding entry point '@spartacus/tracking/tms/gtm'[39m
[build:tracking] [37m------------------------------------------------------------------------------[39m
[build:tracking] - Compiling with Angular sources in Ivy partial compilation mode.
[build:subscription-billing] [32m✔[39m Compiling with Angular sources in Ivy partial compilation mode.
[build:subscription-billing] [32m✔[39m Generating FESM bundles
[build:subscription-billing] [32m✔[39m Built @spartacus/subscription-billing/components
[build:subscription-billing] [37m[39m
[build:subscription-billing] [37m------------------------------------------------------------------------------[39m
[build:subscription-billing] [37mBuilding entry point '@spartacus/subscription-billing/occ'[39m
[build:subscription-billing] [37m------------------------------------------------------------------------------[39m
[build:subscription-billing] - Compiling with Angular sources in Ivy partial compilation mode.
[build:tracking] [32m✔[39m Compiling with Angular sources in Ivy partial compilation mode.
[build:asm] [32m✔[39m Compiling with Angular sources in Ivy partial compilation mode.
[build:tracking] [32m✔[39m Generating FESM bundles
[build:tracking] [32m✔[39m Built @spartacus/tracking/tms/gtm
[build:tracking] [32m[39m
[build:tracking] [32m------------------------------------------------------------------------------[39m
[build:tracking] [32mBuilt Angular Package[39m
[build:tracking] [32m - from: /Users/I845016/dev/spartacus/jdk21/server_test_devci77/spartacus/feature-libs/tracking[39m
[build:tracking] [32m - to:   /Users/I845016/dev/spartacus/jdk21/server_test_devci77/spartacus/dist/tracking[39m
[build:tracking] [32m------------------------------------------------------------------------------[39m
[build:tracking] [37m[37m[39m[37m[39m
[build:tracking] [37m[37mBuild at: [1m2025-10-21T17:31:24.838Z[22m - Time: [1m6361[22mms[39m[37m[39m
[build:tracking] [37m[37m[39m[37m[39m
[build:asm] [32m✔[39m Generating FESM bundles
[build:asm] [32m✔[39m Built @spartacus/asm/root
[build:asm] [37m[39m
[build:asm] [37m------------------------------------------------------------------------------[39m
[build:asm] [37mBuilding entry point '@spartacus/asm/customer-360/root'[39m
[build:asm] [37m------------------------------------------------------------------------------[39m
[build:asm] - Compiling with Angular sources in Ivy partial compilation mode.
[build:tracking] 
[build:tracking] 
[build:tracking] 
[build:tracking]  NX   Successfully ran target build for project tracking
[build:tracking] 
[build:tracking] 
[build:tracking] npm run build:tracking exited with code 0
[build:customer-ticketing] [32m✔[39m Compiling with Angular sources in Ivy partial compilation mode.
[build:subscription-billing] [32m✔[39m Compiling with Angular sources in Ivy partial compilation mode.
[build:customer-ticketing] [32m✔[39m Generating FESM bundles
[build:customer-ticketing] [32m✔[39m Built @spartacus/customer-ticketing/core
[build:customer-ticketing] [37m[39m
[build:customer-ticketing] [37m------------------------------------------------------------------------------[39m
[build:customer-ticketing] [37mBuilding entry point '@spartacus/customer-ticketing/occ'[39m
[build:customer-ticketing] [37m------------------------------------------------------------------------------[39m
[build:customer-ticketing] - Compiling with Angular sources in Ivy partial compilation mode.
[build:subscription-billing] [32m✔[39m Generating FESM bundles
[build:subscription-billing] [32m✔[39m Built @spartacus/subscription-billing/occ
[build:subscription-billing] - Compiling with Angular sources in Ivy partial compilation mode.
[build:subscription-billing] [37m[39m
[build:subscription-billing] [37m------------------------------------------------------------------------------[39m
[build:subscription-billing] [37mBuilding entry point '@spartacus/subscription-billing'[39m
[build:subscription-billing] [37m------------------------------------------------------------------------------[39m
[build:checkout] [32m✔[39m Compiling with Angular sources in Ivy partial compilation mode.
[build:checkout] [32m✔[39m Generating FESM bundles
[build:checkout] [32m✔[39m Built @spartacus/checkout/base/root
[build:checkout] [37m[39m
[build:checkout] [37m------------------------------------------------------------------------------[39m
[build:checkout] [37mBuilding entry point '@spartacus/checkout/base/components'[39m
[build:checkout] [37m------------------------------------------------------------------------------[39m
[build:checkout] - Compiling with Angular sources in Ivy partial compilation mode.
[build:subscription-billing] [32m✔[39m Compiling with Angular sources in Ivy partial compilation mode.
[build:subscription-billing] [32m✔[39m Generating FESM bundles
[build:subscription-billing] - Copying assets
[build:customer-ticketing] [32m✔[39m Compiling with Angular sources in Ivy partial compilation mode.
[build:asm] [32m✔[39m Compiling with Angular sources in Ivy partial compilation mode.
[build:customer-ticketing] [32m✔[39m Generating FESM bundles
[build:customer-ticketing] [32m✔[39m Built @spartacus/customer-ticketing/occ
[build:customer-ticketing] [37m[39m
[build:customer-ticketing] [37m------------------------------------------------------------------------------[39m
[build:customer-ticketing] [37mBuilding entry point '@spartacus/customer-ticketing'[39m
[build:customer-ticketing] [37m------------------------------------------------------------------------------[39m
[build:customer-ticketing] - Compiling with Angular sources in Ivy partial compilation mode.
[build:asm] [32m✔[39m Generating FESM bundles
[build:asm] [32m✔[39m Built @spartacus/asm/customer-360/root
[build:asm] [37m[39m
[build:asm] [37m------------------------------------------------------------------------------[39m
[build:asm] [37mBuilding entry point '@spartacus/asm/core'[39m
[build:asm] [37m------------------------------------------------------------------------------[39m
[build:asm] - Compiling with Angular sources in Ivy partial compilation mode.
[build:subscription-billing] [32m✔[39m Copying assets
[build:subscription-billing] - Writing package manifest
[build:subscription-billing] [34mℹ[39m Removing scripts section in package.json as it's considered a potential security vulnerability.
[build:subscription-billing] [32m✔[39m Writing package manifest
[build:subscription-billing] [32m✔[39m Built @spartacus/subscription-billing
[build:subscription-billing] [37m[39m
[build:subscription-billing] [37m------------------------------------------------------------------------------[39m
[build:subscription-billing] [37mBuilding entry point '@spartacus/subscription-billing/assets'[39m
[build:subscription-billing] [37m------------------------------------------------------------------------------[39m
[build:subscription-billing] - Compiling with Angular sources in Ivy partial compilation mode.
[build:subscription-billing] [32m✔[39m Compiling with Angular sources in Ivy partial compilation mode.
[build:subscription-billing] [32m✔[39m Generating FESM bundles
[build:subscription-billing] [32m✔[39m Built @spartacus/subscription-billing/assets
[build:subscription-billing] [32m[39m
[build:subscription-billing] [32m------------------------------------------------------------------------------[39m
[build:subscription-billing] [32mBuilt Angular Package[39m
[build:subscription-billing] [32m - from: /Users/I845016/dev/spartacus/jdk21/server_test_devci77/spartacus/feature-libs/subscription-billing[39m
[build:subscription-billing] [32m - to:   /Users/I845016/dev/spartacus/jdk21/server_test_devci77/spartacus/dist/subscription-billing[39m
[build:subscription-billing] [32m------------------------------------------------------------------------------[39m
[build:subscription-billing] [37m[37m[39m[37m[39m
[build:subscription-billing] [37m[37mBuild at: [1m2025-10-21T17:31:26.809Z[22m - Time: [1m8333[22mms[39m[37m[39m
[build:subscription-billing] [37m[37m[39m[37m[39m
[build:subscription-billing] 
[build:subscription-billing] 
[build:subscription-billing] 
[build:subscription-billing]  NX   Successfully ran target build for project subscription-billing
[build:subscription-billing] 
[build:subscription-billing] 
[build:subscription-billing] npm run build:subscription-billing exited with code 0
[build:customer-ticketing] [32m✔[39m Compiling with Angular sources in Ivy partial compilation mode.
[build:customer-ticketing] [32m✔[39m Generating FESM bundles
[build:customer-ticketing] - Copying assets
[build:customer-ticketing] [32m✔[39m Copying assets
[build:customer-ticketing] - Writing package manifest
[build:customer-ticketing] [34mℹ[39m Removing scripts section in package.json as it's considered a potential security vulnerability.
[build:customer-ticketing] [32m✔[39m Writing package manifest
[build:customer-ticketing] [32m✔[39m Built @spartacus/customer-ticketing
[build:customer-ticketing] [37m[39m
[build:customer-ticketing] [37m------------------------------------------------------------------------------[39m
[build:customer-ticketing] [37mBuilding entry point '@spartacus/customer-ticketing/assets'[39m
[build:customer-ticketing] [37m------------------------------------------------------------------------------[39m
[build:customer-ticketing] - Compiling with Angular sources in Ivy partial compilation mode.
[build:asm] [32m✔[39m Compiling with Angular sources in Ivy partial compilation mode.
[build:asm] [32m✔[39m Generating FESM bundles
[build:asm] [32m✔[39m Built @spartacus/asm/core
[build:asm] [37m[39m
[build:asm] [37m------------------------------------------------------------------------------[39m
[build:asm] [37mBuilding entry point '@spartacus/asm/components'[39m
[build:asm] [37m------------------------------------------------------------------------------[39m
[build:asm] - Compiling with Angular sources in Ivy partial compilation mode.
[build:customer-ticketing] [32m✔[39m Compiling with Angular sources in Ivy partial compilation mode.
[build:customer-ticketing] [32m✔[39m Generating FESM bundles
[build:customer-ticketing] [32m✔[39m Built @spartacus/customer-ticketing/assets
[build:customer-ticketing] [32m[39m
[build:customer-ticketing] [32m------------------------------------------------------------------------------[39m
[build:customer-ticketing] [32mBuilt Angular Package[39m
[build:customer-ticketing] [32m - from: /Users/I845016/dev/spartacus/jdk21/server_test_devci77/spartacus/feature-libs/customer-ticketing[39m
[build:customer-ticketing] [32m - to:   /Users/I845016/dev/spartacus/jdk21/server_test_devci77/spartacus/dist/customer-ticketing[39m
[build:customer-ticketing] [32m------------------------------------------------------------------------------[39m
[build:customer-ticketing] [37m[37m[39m[37m[39m
[build:customer-ticketing] [37m[37mBuild at: [1m2025-10-21T17:31:27.693Z[22m - Time: [1m9215[22mms[39m[37m[39m
[build:customer-ticketing] [37m[37m[39m[37m[39m
[build:customer-ticketing] 
[build:customer-ticketing] 
[build:customer-ticketing] 
[build:customer-ticketing]  NX   Successfully ran target build for project customer-ticketing
[build:customer-ticketing] 
[build:customer-ticketing] 
[build:customer-ticketing] npm run build:customer-ticketing exited with code 0
[build:checkout] [32m✔[39m Compiling with Angular sources in Ivy partial compilation mode.
[build:checkout] [32m✔[39m Generating FESM bundles
[build:checkout] [32m✔[39m Built @spartacus/checkout/base/components
[build:checkout] [37m[39m
[build:checkout] [37m------------------------------------------------------------------------------[39m
[build:checkout] [37mBuilding entry point '@spartacus/checkout/b2b/root'[39m
[build:checkout] [37m------------------------------------------------------------------------------[39m
[build:checkout] - Compiling with Angular sources in Ivy partial compilation mode.
[build:asm] [32m✔[39m Compiling with Angular sources in Ivy partial compilation mode.
[build:asm] [32m✔[39m Generating FESM bundles
[build:asm] [32m✔[39m Built @spartacus/asm/components
[build:asm] [37m[39m
[build:asm] [37m------------------------------------------------------------------------------[39m
[build:asm] [37mBuilding entry point '@spartacus/asm/occ'[39m
[build:asm] [37m------------------------------------------------------------------------------[39m
[build:asm] - Compiling with Angular sources in Ivy partial compilation mode.
[build:checkout] [32m✔[39m Compiling with Angular sources in Ivy partial compilation mode.
[build:checkout] [32m✔[39m Generating FESM bundles
[build:checkout] [32m✔[39m Built @spartacus/checkout/b2b/root
[build:checkout] [37m[39m
[build:checkout] [37m------------------------------------------------------------------------------[39m
[build:checkout] [37mBuilding entry point '@spartacus/checkout/b2b/components'[39m
[build:checkout] [37m------------------------------------------------------------------------------[39m
[build:checkout] - Compiling with Angular sources in Ivy partial compilation mode.
[build:asm] [32m✔[39m Compiling with Angular sources in Ivy partial compilation mode.
[build:asm] [32m✔[39m Generating FESM bundles
[build:asm] [32m✔[39m Built @spartacus/asm/occ
[build:asm] [37m[39m
[build:asm] [37m------------------------------------------------------------------------------[39m
[build:asm] [37mBuilding entry point '@spartacus/asm'[39m
[build:asm] [37m------------------------------------------------------------------------------[39m
[build:asm] - Compiling with Angular sources in Ivy partial compilation mode.
[build:checkout] [32m✔[39m Compiling with Angular sources in Ivy partial compilation mode.
[build:checkout] [32m✔[39m Generating FESM bundles
[build:checkout] [32m✔[39m Built @spartacus/checkout/b2b/components
[build:checkout] [37m[39m
[build:checkout] [37m------------------------------------------------------------------------------[39m
[build:checkout] [37mBuilding entry point '@spartacus/checkout/b2b/core'[39m
[build:checkout] [37m------------------------------------------------------------------------------[39m
[build:checkout] - Compiling with Angular sources in Ivy partial compilation mode.
[build:asm] [32m✔[39m Compiling with Angular sources in Ivy partial compilation mode.
[build:asm] [32m✔[39m Generating FESM bundles
[build:asm] - Copying assets
[build:asm] [32m✔[39m Copying assets
[build:asm] - Writing package manifest
[build:asm] [34mℹ[39m Removing scripts section in package.json as it's considered a potential security vulnerability.
[build:asm] [32m✔[39m Writing package manifest
[build:asm] [32m✔[39m Built @spartacus/asm
[build:asm] [37m[39m
[build:asm] [37m------------------------------------------------------------------------------[39m
[build:asm] [37mBuilding entry point '@spartacus/asm/assets'[39m
[build:asm] [37m------------------------------------------------------------------------------[39m
[build:asm] - Compiling with Angular sources in Ivy partial compilation mode.
[build:checkout] [32m✔[39m Compiling with Angular sources in Ivy partial compilation mode.
[build:checkout] [32m✔[39m Generating FESM bundles
[build:checkout] [32m✔[39m Built @spartacus/checkout/b2b/core
[build:checkout] [37m[39m
[build:checkout] [37m------------------------------------------------------------------------------[39m
[build:checkout] [37mBuilding entry point '@spartacus/checkout/base/core'[39m
[build:checkout] [37m------------------------------------------------------------------------------[39m
[build:checkout] - Compiling with Angular sources in Ivy partial compilation mode.
[build:asm] [32m✔[39m Compiling with Angular sources in Ivy partial compilation mode.
[build:asm] [32m✔[39m Generating FESM bundles
[build:asm] [32m✔[39m Built @spartacus/asm/assets
[build:asm] [37m[39m
[build:asm] [37m------------------------------------------------------------------------------[39m
[build:asm] [37mBuilding entry point '@spartacus/asm/customer-360/core'[39m
[build:asm] [37m------------------------------------------------------------------------------[39m
[build:asm] - Compiling with Angular sources in Ivy partial compilation mode.
[build:checkout] [32m✔[39m Compiling with Angular sources in Ivy partial compilation mode.
[build:checkout] [32m✔[39m Generating FESM bundles
[build:checkout] [32m✔[39m Built @spartacus/checkout/base/core
[build:checkout] [37m[39m
[build:checkout] [37m------------------------------------------------------------------------------[39m
[build:checkout] [37mBuilding entry point '@spartacus/checkout/base/occ'[39m
[build:checkout] [37m------------------------------------------------------------------------------[39m
[build:checkout] - Compiling with Angular sources in Ivy partial compilation mode.
[build:asm] [32m✔[39m Compiling with Angular sources in Ivy partial compilation mode.
[build:asm] [32m✔[39m Generating FESM bundles
[build:asm] [32m✔[39m Built @spartacus/asm/customer-360/core
[build:asm] [37m[39m
[build:asm] [37m------------------------------------------------------------------------------[39m
[build:asm] [37mBuilding entry point '@spartacus/asm/customer-360/components'[39m
[build:asm] [37m------------------------------------------------------------------------------[39m
[build:asm] - Compiling with Angular sources in Ivy partial compilation mode.
[build:checkout] [32m✔[39m Compiling with Angular sources in Ivy partial compilation mode.
[build:checkout] [32m✔[39m Generating FESM bundles
[build:checkout] [32m✔[39m Built @spartacus/checkout/base/occ
[build:checkout] [37m[39m
[build:checkout] [37m------------------------------------------------------------------------------[39m
[build:checkout] [37mBuilding entry point '@spartacus/checkout/b2b/occ'[39m
[build:checkout] [37m------------------------------------------------------------------------------[39m
[build:checkout] - Compiling with Angular sources in Ivy partial compilation mode.
[build:asm] [32m✔[39m Compiling with Angular sources in Ivy partial compilation mode.
[build:asm] [32m✔[39m Generating FESM bundles
[build:asm] [32m✔[39m Built @spartacus/asm/customer-360/components
[build:asm] [37m[39m
[build:asm] [37m------------------------------------------------------------------------------[39m
[build:asm] [37mBuilding entry point '@spartacus/asm/customer-360/occ'[39m
[build:asm] [37m------------------------------------------------------------------------------[39m
[build:asm] - Compiling with Angular sources in Ivy partial compilation mode.
[build:checkout] [32m✔[39m Compiling with Angular sources in Ivy partial compilation mode.
[build:checkout] [32m✔[39m Generating FESM bundles
[build:checkout] [32m✔[39m Built @spartacus/checkout/b2b/occ
[build:checkout] [37m[39m
[build:checkout] [37m------------------------------------------------------------------------------[39m
[build:checkout] [37mBuilding entry point '@spartacus/checkout/b2b'[39m
[build:checkout] [37m------------------------------------------------------------------------------[39m
[build:checkout] - Compiling with Angular sources in Ivy partial compilation mode.
[build:asm] [32m✔[39m Compiling with Angular sources in Ivy partial compilation mode.
[build:asm] [32m✔[39m Generating FESM bundles
[build:asm] [32m✔[39m Built @spartacus/asm/customer-360/occ
[build:asm] [37m[39m
[build:asm] [37m------------------------------------------------------------------------------[39m
[build:asm] [37mBuilding entry point '@spartacus/asm/customer-360'[39m
[build:asm] [37m------------------------------------------------------------------------------[39m
[build:asm] - Compiling with Angular sources in Ivy partial compilation mode.
[build:checkout] [32m✔[39m Compiling with Angular sources in Ivy partial compilation mode.
[build:checkout] [32m✔[39m Generating FESM bundles
[build:checkout] [32m✔[39m Built @spartacus/checkout/b2b
[build:checkout] [37m[39m
[build:checkout] [37m------------------------------------------------------------------------------[39m
[build:checkout] [37mBuilding entry point '@spartacus/checkout/base'[39m
[build:checkout] [37m------------------------------------------------------------------------------[39m
[build:checkout] - Compiling with Angular sources in Ivy partial compilation mode.
[build:asm] [32m✔[39m Compiling with Angular sources in Ivy partial compilation mode.
[build:asm] [32m✔[39m Generating FESM bundles
[build:asm] [32m✔[39m Built @spartacus/asm/customer-360
[build:asm] [37m[39m
[build:asm] [37m------------------------------------------------------------------------------[39m
[build:asm] [37mBuilding entry point '@spartacus/asm/customer-360/assets'[39m
[build:asm] [37m------------------------------------------------------------------------------[39m
[build:asm] - Compiling with Angular sources in Ivy partial compilation mode.
[build:checkout] [32m✔[39m Compiling with Angular sources in Ivy partial compilation mode.
[build:checkout] [32m✔[39m Generating FESM bundles
[build:checkout] [32m✔[39m Built @spartacus/checkout/base
[build:checkout] [37m[39m
[build:checkout] [37m------------------------------------------------------------------------------[39m
[build:checkout] [37mBuilding entry point '@spartacus/checkout/scheduled-replenishment/components'[39m
[build:checkout] [37m------------------------------------------------------------------------------[39m
[build:checkout] - Compiling with Angular sources in Ivy partial compilation mode.
[build:asm] [32m✔[39m Compiling with Angular sources in Ivy partial compilation mode.
[build:asm] [32m✔[39m Generating FESM bundles
[build:asm] [32m✔[39m Built @spartacus/asm/customer-360/assets
[build:asm] [32m[39m
[build:asm] [32m------------------------------------------------------------------------------[39m
[build:asm] [32mBuilt Angular Package[39m
[build:asm] [32m - from: /Users/I845016/dev/spartacus/jdk21/server_test_devci77/spartacus/feature-libs/asm[39m
[build:asm] [32m - to:   /Users/I845016/dev/spartacus/jdk21/server_test_devci77/spartacus/dist/asm[39m
[build:asm] [32m------------------------------------------------------------------------------[39m
[build:asm] [37m[37m[39m[37m[39m
[build:asm] [37m[37mBuild at: [1m2025-10-21T17:31:35.300Z[22m - Time: [1m16824[22mms[39m[37m[39m
[build:asm] [37m[37m[39m[37m[39m
[build:asm] 
[build:asm] 
[build:asm] 
[build:asm]  NX   Successfully ran target build for project asm
[build:asm] 
[build:asm] 
[build:asm] npm run build:asm exited with code 0
[build:checkout] [32m✔[39m Compiling with Angular sources in Ivy partial compilation mode.
[build:checkout] [32m✔[39m Generating FESM bundles
[build:checkout] [32m✔[39m Built @spartacus/checkout/scheduled-replenishment/components
[build:checkout] [37m[39m
[build:checkout] [37m------------------------------------------------------------------------------[39m
[build:checkout] [37mBuilding entry point '@spartacus/checkout/scheduled-replenishment'[39m
[build:checkout] [37m------------------------------------------------------------------------------[39m
[build:checkout] - Compiling with Angular sources in Ivy partial compilation mode.
[build:checkout] [32m✔[39m Compiling with Angular sources in Ivy partial compilation mode.
[build:checkout] [32m✔[39m Generating FESM bundles
[build:checkout] [32m✔[39m Built @spartacus/checkout/scheduled-replenishment
[build:checkout] [37m[39m
[build:checkout] [37m------------------------------------------------------------------------------[39m
[build:checkout] [37mBuilding entry point '@spartacus/checkout/b2b/assets'[39m
[build:checkout] [37m------------------------------------------------------------------------------[39m
[build:checkout] - Compiling with Angular sources in Ivy partial compilation mode.
[build:checkout] [32m✔[39m Compiling with Angular sources in Ivy partial compilation mode.
[build:checkout] [32m✔[39m Generating FESM bundles
[build:checkout] [32m✔[39m Built @spartacus/checkout/b2b/assets
[build:checkout] [37m[39m
[build:checkout] [37m------------------------------------------------------------------------------[39m
[build:checkout] [37mBuilding entry point '@spartacus/checkout/base/assets'[39m
[build:checkout] [37m------------------------------------------------------------------------------[39m
[build:checkout] - Compiling with Angular sources in Ivy partial compilation mode.
[build:checkout] [32m✔[39m Compiling with Angular sources in Ivy partial compilation mode.
[build:checkout] [32m✔[39m Generating FESM bundles
[build:checkout] [32m✔[39m Built @spartacus/checkout/base/assets
[build:checkout] [37m[39m
[build:checkout] [37m------------------------------------------------------------------------------[39m
[build:checkout] [37mBuilding entry point '@spartacus/checkout/scheduled-replenishment/assets'[39m
[build:checkout] [37m------------------------------------------------------------------------------[39m
[build:checkout] - Compiling with Angular sources in Ivy partial compilation mode.
[build:checkout] [32m✔[39m Compiling with Angular sources in Ivy partial compilation mode.
[build:checkout] [32m✔[39m Generating FESM bundles
[build:checkout] [32m✔[39m Built @spartacus/checkout/scheduled-replenishment/assets
[build:checkout] [37m[39m
[build:checkout] [37m------------------------------------------------------------------------------[39m
[build:checkout] [37mBuilding entry point '@spartacus/checkout/scheduled-replenishment/root'[39m
[build:checkout] [37m------------------------------------------------------------------------------[39m
[build:checkout] - Compiling with Angular sources in Ivy partial compilation mode.
[build:checkout] [32m✔[39m Compiling with Angular sources in Ivy partial compilation mode.
[build:checkout] [32m✔[39m Generating FESM bundles
[build:checkout] [32m✔[39m Built @spartacus/checkout/scheduled-replenishment/root
[build:checkout] [32m[39m
[build:checkout] [32m------------------------------------------------------------------------------[39m
[build:checkout] [32mBuilt Angular Package[39m
[build:checkout] [32m - from: /Users/I845016/dev/spartacus/jdk21/server_test_devci77/spartacus/feature-libs/checkout[39m
[build:checkout] [32m - to:   /Users/I845016/dev/spartacus/jdk21/server_test_devci77/spartacus/dist/checkout[39m
[build:checkout] [32m------------------------------------------------------------------------------[39m
[build:checkout] [37m[37m[39m[37m[39m
[build:checkout] [37m[37mBuild at: [1m2025-10-21T17:31:39.089Z[22m - Time: [1m20614[22mms[39m[37m[39m
[build:checkout] [37m[37m[39m[37m[39m
[build:checkout] 
[build:checkout] 
[build:checkout] 
[build:checkout]  NX   Successfully ran target build for project checkout
[build:checkout] 
[build:checkout] 
[build:checkout] npm run build:checkout exited with code 0
[build:product-configurator] 
[build:product-configurator] > storefrontapp@0.0.0 build:product-configurator
[build:product-configurator] > npm --prefix feature-libs/product-configurator run build:schematics && nx build product-configurator --configuration production
[build:product-configurator] 
[build:organization] 
[build:organization] > storefrontapp@0.0.0 build:organization
[build:organization] > npm --prefix feature-libs/organization run build:schematics && nx build organization --configuration production
[build:organization] 
[build:product] 
[build:product] > storefrontapp@0.0.0 build:product
[build:product] > npm --prefix feature-libs/product run build:schematics && nx build product --configuration production
[build:product] 
[build:product-multi-dimensional] 
[build:product-multi-dimensional] > storefrontapp@0.0.0 build:product-multi-dimensional
[build:product-multi-dimensional] > npm --prefix feature-libs/product-multi-dimensional run build:schematics && nx build product-multi-dimensional --configuration production
[build:product-multi-dimensional] 
[build:product] 
[build:product] > @spartacus/product@221121.2.0 build:schematics
[build:product] > npm run clean:schematics && ../../node_modules/.bin/tsc -p ./tsconfig.schematics.json
[build:product] 
[build:product-multi-dimensional] 
[build:product-multi-dimensional] > @spartacus/product-multi-dimensional@221121.2.0 build:schematics
[build:product-multi-dimensional] > npm run clean:schematics && ../../node_modules/.bin/tsc -p ./tsconfig.schematics.json
[build:product-multi-dimensional] 
[build:product-configurator] 
[build:product-configurator] > @spartacus/product-configurator@221121.2.0 build:schematics
[build:product-configurator] > npm run clean:schematics && ../../node_modules/.bin/tsc -p ./tsconfig.schematics.json
[build:product-configurator] 
[build:organization] 
[build:organization] > @spartacus/organization@221121.2.0 build:schematics
[build:organization] > npm run clean:schematics && ../../node_modules/.bin/tsc -p ./tsconfig.schematics.json
[build:organization] 
[build:product-configurator] 
[build:product-configurator] > @spartacus/product-configurator@221121.2.0 clean:schematics
[build:product-configurator] > ../../node_modules/.bin/rimraf --glob "schematics/**/*.js" "schematics/**/*.js.map" "schematics/**/*.d.ts"
[build:product-configurator] 
[build:product] 
[build:product] > @spartacus/product@221121.2.0 clean:schematics
[build:product] > ../../node_modules/.bin/rimraf --glob "schematics/**/*.js" "schematics/**/*.js.map" "schematics/**/*.d.ts"
[build:product] 
[build:product-multi-dimensional] 
[build:product-multi-dimensional] > @spartacus/product-multi-dimensional@221121.2.0 clean:schematics
[build:product-multi-dimensional] > ../../node_modules/.bin/rimraf --glob "schematics/**/*.js" "schematics/**/*.js.map" "schematics/**/*.d.ts"
[build:product-multi-dimensional] 
[build:organization] 
[build:organization] > @spartacus/organization@221121.2.0 clean:schematics
[build:organization] > ../../node_modules/.bin/rimraf --glob "schematics/**/*.js" "schematics/**/*.js.map" "schematics/**/*.d.ts"
[build:organization] 
[build:product-multi-dimensional] 
[build:product-multi-dimensional] > nx run product-multi-dimensional:build:production
[build:product-multi-dimensional] 
[build:product] 
[build:product] > nx run product:build:production
[build:product] 
[build:organization] 
[build:organization] > nx run organization:build:production
[build:organization] 
[build:product-configurator] 
[build:product-configurator] > nx run product-configurator:build:production
[build:product-configurator] 
[build:product-multi-dimensional] [34mBuilding Angular Package[39m
[build:product] [34mBuilding Angular Package[39m
[build:organization] [34mBuilding Angular Package[39m
[build:product-configurator] [34mBuilding Angular Package[39m
[build:product-multi-dimensional] [37m[39m
[build:product-multi-dimensional] [37m------------------------------------------------------------------------------[39m
[build:product-multi-dimensional] [37mBuilding entry point '@spartacus/product-multi-dimensional/selector/root'[39m
[build:product-multi-dimensional] [37m------------------------------------------------------------------------------[39m
[build:product-multi-dimensional] - Compiling with Angular sources in Ivy partial compilation mode.
[build:product] [37m[39m
[build:product] [37m------------------------------------------------------------------------------[39m
[build:product] [37mBuilding entry point '@spartacus/product'[39m
[build:product] [37m------------------------------------------------------------------------------[39m
[build:product] - Compiling with Angular sources in Ivy partial compilation mode.
[build:product-multi-dimensional] [32m✔[39m Compiling with Angular sources in Ivy partial compilation mode.
[build:product-multi-dimensional] [32m✔[39m Generating FESM bundles
[build:product-multi-dimensional] [32m✔[39m Built @spartacus/product-multi-dimensional/selector/root
[build:product-multi-dimensional] [37m[39m
[build:product-multi-dimensional] [37m------------------------------------------------------------------------------[39m
[build:product-multi-dimensional] [37mBuilding entry point '@spartacus/product-multi-dimensional/selector/core'[39m
[build:product-multi-dimensional] [37m------------------------------------------------------------------------------[39m
[build:product-multi-dimensional] - Compiling with Angular sources in Ivy partial compilation mode.
[build:product] [32m✔[39m Compiling with Angular sources in Ivy partial compilation mode.
[build:product] [32m✔[39m Generating FESM bundles
[build:product] - Copying assets
[build:product] [32m✔[39m Copying assets
[build:product] - Writing package manifest
[build:product] [34mℹ[39m Removing scripts section in package.json as it's considered a potential security vulnerability.
[build:product] [32m✔[39m Writing package manifest
[build:product] [32m✔[39m Built @spartacus/product
[build:product] [37m[39m
[build:product] [37m------------------------------------------------------------------------------[39m
[build:product] [37mBuilding entry point '@spartacus/product/future-stock/root'[39m
[build:product] [37m------------------------------------------------------------------------------[39m
[build:product] - Compiling with Angular sources in Ivy partial compilation mode.
[build:product-multi-dimensional] [32m✔[39m Compiling with Angular sources in Ivy partial compilation mode.
[build:product-multi-dimensional] [32m✔[39m Generating FESM bundles
[build:product-multi-dimensional] [32m✔[39m Built @spartacus/product-multi-dimensional/selector/core
[build:product-multi-dimensional] [37m[39m
[build:product-multi-dimensional] [37m------------------------------------------------------------------------------[39m
[build:product-multi-dimensional] [37mBuilding entry point '@spartacus/product-multi-dimensional'[39m
[build:product-multi-dimensional] [37m------------------------------------------------------------------------------[39m
[build:product-multi-dimensional] - Compiling with Angular sources in Ivy partial compilation mode.
[build:product-configurator] [37m[39m
[build:product-configurator] [37m------------------------------------------------------------------------------[39m
[build:product-configurator] [37mBuilding entry point '@spartacus/product-configurator'[39m
[build:product-configurator] [37m------------------------------------------------------------------------------[39m
[build:product-configurator] - Compiling with Angular sources in Ivy partial compilation mode.
[build:product-configurator] [32m✔[39m Compiling with Angular sources in Ivy partial compilation mode.
[build:product] [32m✔[39m Compiling with Angular sources in Ivy partial compilation mode.
[build:product] [32m✔[39m Generating FESM bundles
[build:product] [32m✔[39m Built @spartacus/product/future-stock/root
[build:product] [37m[39m
[build:product] [37m------------------------------------------------------------------------------[39m
[build:product] [37mBuilding entry point '@spartacus/product/future-stock/components'[39m
[build:product] [37m------------------------------------------------------------------------------[39m
[build:product] - Compiling with Angular sources in Ivy partial compilation mode.
[build:product-configurator] [32m✔[39m Generating FESM bundles
[build:product-configurator] - Copying assets
[build:product-multi-dimensional] [32m✔[39m Compiling with Angular sources in Ivy partial compilation mode.
[build:product-multi-dimensional] [32m✔[39m Generating FESM bundles
[build:product-multi-dimensional] - Copying assets
[build:product-configurator] [32m✔[39m Copying assets
[build:product-configurator] - Writing package manifest
[build:product-multi-dimensional] [32m✔[39m Copying assets
[build:product-multi-dimensional] - Writing package manifest
[build:product-configurator] [34mℹ[39m Removing scripts section in package.json as it's considered a potential security vulnerability.
[build:product-configurator] [32m✔[39m Writing package manifest
[build:product-configurator] [32m✔[39m Built @spartacus/product-configurator
[build:product-configurator] [37m[39m
[build:product-configurator] [37m------------------------------------------------------------------------------[39m
[build:product-configurator] [37mBuilding entry point '@spartacus/product-configurator/common'[39m
[build:product-configurator] [37m------------------------------------------------------------------------------[39m
[build:product-multi-dimensional] [34mℹ[39m Removing scripts section in package.json as it's considered a potential security vulnerability.
[build:product-configurator] - Compiling with Angular sources in Ivy partial compilation mode.
[build:product-multi-dimensional] [32m✔[39m Writing package manifest
[build:product-multi-dimensional] [32m✔[39m Built @spartacus/product-multi-dimensional
[build:product-multi-dimensional] [37m[39m
[build:product-multi-dimensional] [37m------------------------------------------------------------------------------[39m
[build:product-multi-dimensional] [37mBuilding entry point '@spartacus/product-multi-dimensional/list'[39m
[build:product-multi-dimensional] [37m------------------------------------------------------------------------------[39m
[build:product-multi-dimensional] - Compiling with Angular sources in Ivy partial compilation mode.
[build:product-multi-dimensional] [32m✔[39m Compiling with Angular sources in Ivy partial compilation mode.
[build:product-multi-dimensional] [32m✔[39m Generating FESM bundles
[build:product-multi-dimensional] [32m✔[39m Built @spartacus/product-multi-dimensional/list
[build:product-multi-dimensional] [37m[39m
[build:product-multi-dimensional] [37m------------------------------------------------------------------------------[39m
[build:product-multi-dimensional] [37mBuilding entry point '@spartacus/product-multi-dimensional/selector'[39m
[build:product-multi-dimensional] [37m------------------------------------------------------------------------------[39m
[build:product-multi-dimensional] - Compiling with Angular sources in Ivy partial compilation mode.
[build:organization] [37m[39m
[build:organization] [37m------------------------------------------------------------------------------[39m
[build:organization] [37mBuilding entry point '@spartacus/organization/administration/core'[39m
[build:organization] [37m------------------------------------------------------------------------------[39m
[build:organization] - Compiling with Angular sources in Ivy partial compilation mode.
[build:product] [32m✔[39m Compiling with Angular sources in Ivy partial compilation mode.
[build:product] [32m✔[39m Generating FESM bundles
[build:product] [32m✔[39m Built @spartacus/product/future-stock/components
[build:product] [37m[39m
[build:product] [37m------------------------------------------------------------------------------[39m
[build:product] [37mBuilding entry point '@spartacus/product/future-stock/core'[39m
[build:product] [37m------------------------------------------------------------------------------[39m
[build:product] - Compiling with Angular sources in Ivy partial compilation mode.
[build:product-multi-dimensional] [32m✔[39m Compiling with Angular sources in Ivy partial compilation mode.
[build:product-multi-dimensional] [32m✔[39m Generating FESM bundles
[build:product-multi-dimensional] [32m✔[39m Built @spartacus/product-multi-dimensional/selector
[build:product-multi-dimensional] [37m[39m
[build:product-multi-dimensional] [37m------------------------------------------------------------------------------[39m
[build:product-multi-dimensional] [37mBuilding entry point '@spartacus/product-multi-dimensional/list/root'[39m
[build:product-multi-dimensional] [37m------------------------------------------------------------------------------[39m
[build:product-multi-dimensional] - Compiling with Angular sources in Ivy partial compilation mode.
[build:product] [32m✔[39m Compiling with Angular sources in Ivy partial compilation mode.
[build:product] [32m✔[39m Generating FESM bundles
[build:product] [32m✔[39m Built @spartacus/product/future-stock/core
[build:product] [37m[39m
[build:product] [37m------------------------------------------------------------------------------[39m
[build:product] [37mBuilding entry point '@spartacus/product/future-stock/occ'[39m
[build:product] [37m------------------------------------------------------------------------------[39m
[build:product] - Compiling with Angular sources in Ivy partial compilation mode.
[build:product-multi-dimensional] [32m✔[39m Compiling with Angular sources in Ivy partial compilation mode.
[build:product-multi-dimensional] [32m✔[39m Generating FESM bundles
[build:product-multi-dimensional] [32m✔[39m Built @spartacus/product-multi-dimensional/list/root
[build:product-multi-dimensional] [37m[39m
[build:product-multi-dimensional] [37m------------------------------------------------------------------------------[39m
[build:product-multi-dimensional] [37mBuilding entry point '@spartacus/product-multi-dimensional/selector/assets'[39m
[build:product-multi-dimensional] [37m------------------------------------------------------------------------------[39m
[build:product-multi-dimensional] - Compiling with Angular sources in Ivy partial compilation mode.
[build:product] [32m✔[39m Compiling with Angular sources in Ivy partial compilation mode.
[build:product] [32m✔[39m Generating FESM bundles
[build:product] [32m✔[39m Built @spartacus/product/future-stock/occ
[build:product] [37m[39m
[build:product] [37m------------------------------------------------------------------------------[39m
[build:product] [37mBuilding entry point '@spartacus/product/future-stock'[39m
[build:product] [37m------------------------------------------------------------------------------[39m
[build:product] - Compiling with Angular sources in Ivy partial compilation mode.
[build:product-configurator] [32m✔[39m Compiling with Angular sources in Ivy partial compilation mode.
[build:product-configurator] [32m✔[39m Generating FESM bundles
[build:product-configurator] [32m✔[39m Built @spartacus/product-configurator/common
[build:product-configurator] [37m[39m
[build:product-configurator] [37m------------------------------------------------------------------------------[39m
[build:product-configurator] [37mBuilding entry point '@spartacus/product-configurator/textfield'[39m
[build:product-configurator] [37m------------------------------------------------------------------------------[39m
[build:product-configurator] - Compiling with Angular sources in Ivy partial compilation mode.
[build:product-multi-dimensional] [32m✔[39m Compiling with Angular sources in Ivy partial compilation mode.
[build:product-multi-dimensional] [32m✔[39m Generating FESM bundles
[build:product-multi-dimensional] [32m✔[39m Built @spartacus/product-multi-dimensional/selector/assets
[build:product-multi-dimensional] [37m[39m
[build:product-multi-dimensional] [37m------------------------------------------------------------------------------[39m
[build:product-multi-dimensional] [37mBuilding entry point '@spartacus/product-multi-dimensional/selector/components'[39m
[build:product-multi-dimensional] [37m------------------------------------------------------------------------------[39m
[build:product-multi-dimensional] - Compiling with Angular sources in Ivy partial compilation mode.
[build:product] [32m✔[39m Compiling with Angular sources in Ivy partial compilation mode.
[build:product] [32m✔[39m Generating FESM bundles
[build:product] [32m✔[39m Built @spartacus/product/future-stock
[build:product] [37m[39m
[build:product] [37m------------------------------------------------------------------------------[39m
[build:product] [37mBuilding entry point '@spartacus/product/bulk-pricing/core'[39m
[build:product] [37m------------------------------------------------------------------------------[39m
[build:product] - Compiling with Angular sources in Ivy partial compilation mode.
[build:organization] [32m✔[39m Compiling with Angular sources in Ivy partial compilation mode.
[build:product] [32m✔[39m Compiling with Angular sources in Ivy partial compilation mode.
[build:product] [32m✔[39m Generating FESM bundles
[build:product-multi-dimensional] [32m✔[39m Compiling with Angular sources in Ivy partial compilation mode.
[build:product] [32m✔[39m Built @spartacus/product/bulk-pricing/core
[build:product] [37m[39m
[build:product] [37m------------------------------------------------------------------------------[39m
[build:product] [37mBuilding entry point '@spartacus/product/bulk-pricing'[39m
[build:product] [37m------------------------------------------------------------------------------[39m
[build:product] - Compiling with Angular sources in Ivy partial compilation mode.
[build:product-multi-dimensional] [32m✔[39m Generating FESM bundles
[build:product-multi-dimensional] [32m✔[39m Built @spartacus/product-multi-dimensional/selector/components
[build:product-multi-dimensional] [37m[39m
[build:product-multi-dimensional] [37m------------------------------------------------------------------------------[39m
[build:product-multi-dimensional] [37mBuilding entry point '@spartacus/product-multi-dimensional/selector/occ'[39m
[build:product-multi-dimensional] [37m------------------------------------------------------------------------------[39m
[build:product-multi-dimensional] - Compiling with Angular sources in Ivy partial compilation mode.
[build:organization] [32m✔[39m Generating FESM bundles
[build:organization] [32m✔[39m Built @spartacus/organization/administration/core
[build:organization] [37m[39m
[build:organization] [37m------------------------------------------------------------------------------[39m
[build:organization] [37mBuilding entry point '@spartacus/organization/administration/root'[39m
[build:organization] [37m------------------------------------------------------------------------------[39m
[build:organization] - Compiling with Angular sources in Ivy partial compilation mode.
[build:product-configurator] [32m✔[39m Compiling with Angular sources in Ivy partial compilation mode.
[build:product-configurator] [32m✔[39m Generating FESM bundles
[build:product-configurator] [32m✔[39m Built @spartacus/product-configurator/textfield
[build:product-configurator] [37m[39m
[build:product-configurator] [37m------------------------------------------------------------------------------[39m
[build:product-configurator] [37mBuilding entry point '@spartacus/product-configurator/common/assets'[39m
[build:product-configurator] [37m------------------------------------------------------------------------------[39m
[build:product-configurator] - Compiling with Angular sources in Ivy partial compilation mode.
[build:product-multi-dimensional] [32m✔[39m Compiling with Angular sources in Ivy partial compilation mode.
[build:product-multi-dimensional] [32m✔[39m Generating FESM bundles
[build:product-multi-dimensional] [32m✔[39m Built @spartacus/product-multi-dimensional/selector/occ
[build:product-multi-dimensional] [32m[39m
[build:product-multi-dimensional] [32m------------------------------------------------------------------------------[39m
[build:product-multi-dimensional] [32mBuilt Angular Package[39m
[build:product-multi-dimensional] [32m - from: /Users/I845016/dev/spartacus/jdk21/server_test_devci77/spartacus/feature-libs/product-multi-dimensional[39m
[build:product-multi-dimensional] [32m - to:   /Users/I845016/dev/spartacus/jdk21/server_test_devci77/spartacus/dist/product-multi-dimensional[39m
[build:product-multi-dimensional] [32m------------------------------------------------------------------------------[39m
[build:product-multi-dimensional] [37m[37m[39m[37m[39m
[build:product-multi-dimensional] [37m[37mBuild at: [1m2025-10-21T17:31:53.404Z[22m - Time: [1m9135[22mms[39m[37m[39m
[build:product-multi-dimensional] [37m[37m[39m[37m[39m
[build:product-multi-dimensional] 
[build:product-multi-dimensional] 
[build:product-multi-dimensional] 
[build:product-multi-dimensional]  NX   Successfully ran target build for project product-multi-dimensional
[build:product-multi-dimensional] 
[build:product-multi-dimensional] 
[build:product-multi-dimensional] npm run build:product-multi-dimensional exited with code 0
[build:product] [32m✔[39m Compiling with Angular sources in Ivy partial compilation mode.
[build:product] [32m✔[39m Generating FESM bundles
[build:product] [32m✔[39m Built @spartacus/product/bulk-pricing
[build:product] - Compiling with Angular sources in Ivy partial compilation mode.
[build:product] [37m[39m
[build:product] [37m------------------------------------------------------------------------------[39m
[build:product] [37mBuilding entry point '@spartacus/product/image-zoom/root'[39m
[build:product] [37m------------------------------------------------------------------------------[39m
[build:product-configurator] [32m✔[39m Compiling with Angular sources in Ivy partial compilation mode.
[build:product-configurator] [32m✔[39m Generating FESM bundles
[build:product-configurator] [32m✔[39m Built @spartacus/product-configurator/common/assets
[build:product-configurator] [37m[39m
[build:product-configurator] [37m------------------------------------------------------------------------------[39m
[build:product-configurator] [37mBuilding entry point '@spartacus/product-configurator/rulebased'[39m
[build:product-configurator] [37m------------------------------------------------------------------------------[39m
[build:product-configurator] - Compiling with Angular sources in Ivy partial compilation mode.
[build:organization] [32m✔[39m Compiling with Angular sources in Ivy partial compilation mode.
[build:organization] [32m✔[39m Generating FESM bundles
[build:organization] [32m✔[39m Built @spartacus/organization/administration/root
[build:organization] [37m[39m
[build:organization] [37m------------------------------------------------------------------------------[39m
[build:organization] [37mBuilding entry point '@spartacus/organization/administration/components'[39m
[build:organization] [37m------------------------------------------------------------------------------[39m
[build:organization] - Compiling with Angular sources in Ivy partial compilation mode.
[build:product] [32m✔[39m Compiling with Angular sources in Ivy partial compilation mode.
[build:product] [32m✔[39m Generating FESM bundles
[build:product] [32m✔[39m Built @spartacus/product/image-zoom/root
[build:product] - Compiling with Angular sources in Ivy partial compilation mode.
[build:product] [37m[39m
[build:product] [37m------------------------------------------------------------------------------[39m
[build:product] [37mBuilding entry point '@spartacus/product/image-zoom/components'[39m
[build:product] [37m------------------------------------------------------------------------------[39m
[build:product] [32m✔[39m Compiling with Angular sources in Ivy partial compilation mode.
[build:product] [32m✔[39m Generating FESM bundles
[build:product] [32m✔[39m Built @spartacus/product/image-zoom/components
[build:product] [37m[39m
[build:product] [37m------------------------------------------------------------------------------[39m
[build:product] [37mBuilding entry point '@spartacus/product/image-zoom'[39m
[build:product] [37m------------------------------------------------------------------------------[39m
[build:product] - Compiling with Angular sources in Ivy partial compilation mode.
[build:product] [32m✔[39m Compiling with Angular sources in Ivy partial compilation mode.
[build:product] [32m✔[39m Generating FESM bundles
[build:product] [32m✔[39m Built @spartacus/product/image-zoom
[build:product] [37m[39m
[build:product] [37m------------------------------------------------------------------------------[39m
[build:product] [37mBuilding entry point '@spartacus/product/variants/occ'[39m
[build:product] [37m------------------------------------------------------------------------------[39m
[build:product] - Compiling with Angular sources in Ivy partial compilation mode.
[build:product] [32m✔[39m Compiling with Angular sources in Ivy partial compilation mode.
[build:product] [32m✔[39m Generating FESM bundles
[build:product] [32m✔[39m Built @spartacus/product/variants/occ
[build:product] [37m[39m
[build:product] [37m------------------------------------------------------------------------------[39m
[build:product] [37mBuilding entry point '@spartacus/product/variants/components'[39m
[build:product] [37m------------------------------------------------------------------------------[39m
[build:product] - Compiling with Angular sources in Ivy partial compilation mode.
[build:product-configurator] [32m✔[39m Compiling with Angular sources in Ivy partial compilation mode.
[build:organization] [32m✔[39m Compiling with Angular sources in Ivy partial compilation mode.
[build:product-configurator] [32m✔[39m Generating FESM bundles
[build:product-configurator] [32m✔[39m Built @spartacus/product-configurator/rulebased
[build:product-configurator] [37m[39m
[build:product-configurator] [37m------------------------------------------------------------------------------[39m
[build:product-configurator] [37mBuilding entry point '@spartacus/product-configurator/rulebased/cpq'[39m
[build:product-configurator] [37m------------------------------------------------------------------------------[39m
[build:product-configurator] - Compiling with Angular sources in Ivy partial compilation mode.
[build:organization] [32m✔[39m Generating FESM bundles
[build:product] [32m✔[39m Compiling with Angular sources in Ivy partial compilation mode.
[build:organization] [32m✔[39m Built @spartacus/organization/administration/components
[build:organization] [37m[39m
[build:organization] [37m------------------------------------------------------------------------------[39m
[build:organization] [37mBuilding entry point '@spartacus/organization/administration/occ'[39m
[build:organization] [37m------------------------------------------------------------------------------[39m
[build:organization] - Compiling with Angular sources in Ivy partial compilation mode.
[build:product] [32m✔[39m Generating FESM bundles
[build:product] [32m✔[39m Built @spartacus/product/variants/components
[build:product] [37m[39m
[build:product] [37m------------------------------------------------------------------------------[39m
[build:product] [37mBuilding entry point '@spartacus/product/variants'[39m
[build:product] [37m------------------------------------------------------------------------------[39m
[build:product] - Compiling with Angular sources in Ivy partial compilation mode.
[build:product] [32m✔[39m Compiling with Angular sources in Ivy partial compilation mode.
[build:product] [32m✔[39m Generating FESM bundles
[build:product] [32m✔[39m Built @spartacus/product/variants
[build:organization] [32m✔[39m Compiling with Angular sources in Ivy partial compilation mode.
[build:product] [37m[39m
[build:product] [37m------------------------------------------------------------------------------[39m
[build:product] [37mBuilding entry point '@spartacus/product/future-stock/assets'[39m
[build:product] [37m------------------------------------------------------------------------------[39m
[build:product] - Compiling with Angular sources in Ivy partial compilation mode.
[build:organization] [32m✔[39m Generating FESM bundles
[build:organization] [32m✔[39m Built @spartacus/organization/administration/occ
[build:organization] [37m[39m
[build:organization] [37m------------------------------------------------------------------------------[39m
[build:organization] [37mBuilding entry point '@spartacus/organization/administration'[39m
[build:organization] [37m------------------------------------------------------------------------------[39m
[build:organization] - Compiling with Angular sources in Ivy partial compilation mode.
[build:product-configurator] [32m✔[39m Compiling with Angular sources in Ivy partial compilation mode.
[build:product-configurator] [32m✔[39m Generating FESM bundles
[build:product-configurator] [32m✔[39m Built @spartacus/product-configurator/rulebased/cpq
[build:product-configurator] [37m[39m
[build:product-configurator] [37m------------------------------------------------------------------------------[39m
[build:product-configurator] [37mBuilding entry point '@spartacus/product-configurator/rulebased/root'[39m
[build:product-configurator] [37m------------------------------------------------------------------------------[39m
[build:product-configurator] - Compiling with Angular sources in Ivy partial compilation mode.
[build:product] [32m✔[39m Compiling with Angular sources in Ivy partial compilation mode.
[build:product] [32m✔[39m Generating FESM bundles
[build:product] [32m✔[39m Built @spartacus/product/future-stock/assets
[build:product] [37m[39m
[build:product] [37m------------------------------------------------------------------------------[39m
[build:product] [37mBuilding entry point '@spartacus/product/bulk-pricing/assets'[39m
[build:product] [37m------------------------------------------------------------------------------[39m
[build:product] - Compiling with Angular sources in Ivy partial compilation mode.
[build:product-configurator] [32m✔[39m Compiling with Angular sources in Ivy partial compilation mode.
[build:product-configurator] [32m✔[39m Generating FESM bundles
[build:product-configurator] [32m✔[39m Built @spartacus/product-configurator/rulebased/root
[build:product-configurator] [37m[39m
[build:product-configurator] [37m------------------------------------------------------------------------------[39m
[build:product-configurator] [37mBuilding entry point '@spartacus/product-configurator/textfield/root'[39m
[build:product-configurator] [37m------------------------------------------------------------------------------[39m
[build:product-configurator] - Compiling with Angular sources in Ivy partial compilation mode.
[build:organization] [32m✔[39m Compiling with Angular sources in Ivy partial compilation mode.
[build:organization] [32m✔[39m Generating FESM bundles
[build:organization] [32m✔[39m Built @spartacus/organization/administration
[build:organization] [37m[39m
[build:organization] [37m------------------------------------------------------------------------------[39m
[build:organization] [37mBuilding entry point '@spartacus/organization'[39m
[build:organization] [37m------------------------------------------------------------------------------[39m
[build:organization] - Compiling with Angular sources in Ivy partial compilation mode.
[build:product] [32m✔[39m Compiling with Angular sources in Ivy partial compilation mode.
[build:product] [32m✔[39m Generating FESM bundles
[build:product] [32m✔[39m Built @spartacus/product/bulk-pricing/assets
[build:product] [37m[39m
[build:product] [37m------------------------------------------------------------------------------[39m
[build:product] [37mBuilding entry point '@spartacus/product/bulk-pricing/components'[39m
[build:product] [37m------------------------------------------------------------------------------[39m
[build:product] - Compiling with Angular sources in Ivy partial compilation mode.
[build:product-configurator] [32m✔[39m Compiling with Angular sources in Ivy partial compilation mode.
[build:product-configurator] [32m✔[39m Generating FESM bundles
[build:product-configurator] [32m✔[39m Built @spartacus/product-configurator/textfield/root
[build:product-configurator] [32m[39m
[build:product-configurator] [32m------------------------------------------------------------------------------[39m
[build:product-configurator] [32mBuilt Angular Package[39m
[build:product-configurator] [32m - from: /Users/I845016/dev/spartacus/jdk21/server_test_devci77/spartacus/feature-libs/product-configurator[39m
[build:product-configurator] [32m - to:   /Users/I845016/dev/spartacus/jdk21/server_test_devci77/spartacus/dist/product-configurator[39m
[build:product-configurator] [32m------------------------------------------------------------------------------[39m
[build:product-configurator] [37m[37m[39m[37m[39m
[build:product-configurator] [37m[37mBuild at: [1m2025-10-21T17:32:00.963Z[22m - Time: [1m16692[22mms[39m[37m[39m
[build:product-configurator] [37m[37m[39m[37m[39m
[build:organization] [32m✔[39m Compiling with Angular sources in Ivy partial compilation mode.
[build:organization] [32m✔[39m Generating FESM bundles
[build:organization] - Copying assets
[build:product-configurator] 
[build:product-configurator] 
[build:product-configurator] 
[build:product-configurator]  NX   Successfully ran target build for project product-configurator
[build:product-configurator] 
[build:product-configurator] 
[build:product-configurator] npm run build:product-configurator exited with code 0
[build:organization] [32m✔[39m Copying assets
[build:organization] - Writing package manifest
[build:organization] [34mℹ[39m Removing scripts section in package.json as it's considered a potential security vulnerability.
[build:organization] [32m✔[39m Writing package manifest
[build:organization] [32m✔[39m Built @spartacus/organization
[build:organization] [37m[39m
[build:organization] [37m------------------------------------------------------------------------------[39m
[build:organization] [37mBuilding entry point '@spartacus/organization/account-summary/root'[39m
[build:organization] [37m------------------------------------------------------------------------------[39m
[build:organization] - Compiling with Angular sources in Ivy partial compilation mode.
[build:product] [32m✔[39m Compiling with Angular sources in Ivy partial compilation mode.
[build:product] [32m✔[39m Generating FESM bundles
[build:product] [32m✔[39m Built @spartacus/product/bulk-pricing/components
[build:product] [37m[39m
[build:product] [37m------------------------------------------------------------------------------[39m
[build:product] [37mBuilding entry point '@spartacus/product/bulk-pricing/occ'[39m
[build:product] [37m------------------------------------------------------------------------------[39m
[build:product] - Compiling with Angular sources in Ivy partial compilation mode.
[build:product] [32m✔[39m Compiling with Angular sources in Ivy partial compilation mode.
[build:product] [32m✔[39m Generating FESM bundles
[build:product] [32m✔[39m Built @spartacus/product/bulk-pricing/occ
[build:product] [37m[39m
[build:product] [37m------------------------------------------------------------------------------[39m
[build:product] [37mBuilding entry point '@spartacus/product/bulk-pricing/root'[39m
[build:product] [37m------------------------------------------------------------------------------[39m
[build:product] - Compiling with Angular sources in Ivy partial compilation mode.
[build:organization] [32m✔[39m Compiling with Angular sources in Ivy partial compilation mode.
[build:organization] [32m✔[39m Generating FESM bundles
[build:organization] [32m✔[39m Built @spartacus/organization/account-summary/root
[build:organization] [37m[39m
[build:organization] [37m------------------------------------------------------------------------------[39m
[build:organization] [37mBuilding entry point '@spartacus/organization/account-summary/core'[39m
[build:organization] [37m------------------------------------------------------------------------------[39m
[build:organization] - Compiling with Angular sources in Ivy partial compilation mode.
[build:product] [32m✔[39m Compiling with Angular sources in Ivy partial compilation mode.
[build:product] [32m✔[39m Generating FESM bundles
[build:product] [32m✔[39m Built @spartacus/product/bulk-pricing/root
[build:product] [37m[39m
[build:product] [37m------------------------------------------------------------------------------[39m
[build:product] [37mBuilding entry point '@spartacus/product/image-zoom/assets'[39m
[build:product] [37m------------------------------------------------------------------------------[39m
[build:product] - Compiling with Angular sources in Ivy partial compilation mode.
[build:organization] [32m✔[39m Compiling with Angular sources in Ivy partial compilation mode.
[build:organization] [32m✔[39m Generating FESM bundles
[build:organization] [32m✔[39m Built @spartacus/organization/account-summary/core
[build:organization] [37m[39m
[build:organization] [37m------------------------------------------------------------------------------[39m
[build:organization] [37mBuilding entry point '@spartacus/organization/account-summary/occ'[39m
[build:organization] [37m------------------------------------------------------------------------------[39m
[build:organization] - Compiling with Angular sources in Ivy partial compilation mode.
[build:product] [32m✔[39m Compiling with Angular sources in Ivy partial compilation mode.
[build:product] [32m✔[39m Generating FESM bundles
[build:product] [32m✔[39m Built @spartacus/product/image-zoom/assets
[build:product] [37m[39m
[build:product] [37m------------------------------------------------------------------------------[39m
[build:product] [37mBuilding entry point '@spartacus/product/variants/assets'[39m
[build:product] [37m------------------------------------------------------------------------------[39m
[build:product] - Compiling with Angular sources in Ivy partial compilation mode.
[build:organization] [32m✔[39m Compiling with Angular sources in Ivy partial compilation mode.
[build:organization] [32m✔[39m Generating FESM bundles
[build:organization] [32m✔[39m Built @spartacus/organization/account-summary/occ
[build:organization] [37m[39m
[build:organization] [37m------------------------------------------------------------------------------[39m
[build:organization] [37mBuilding entry point '@spartacus/organization/account-summary/components'[39m
[build:organization] [37m------------------------------------------------------------------------------[39m
[build:organization] - Compiling with Angular sources in Ivy partial compilation mode.
[build:product] [32m✔[39m Compiling with Angular sources in Ivy partial compilation mode.
[build:product] [32m✔[39m Generating FESM bundles
[build:product] [32m✔[39m Built @spartacus/product/variants/assets
[build:product] [37m[39m
[build:product] [37m------------------------------------------------------------------------------[39m
[build:product] [37mBuilding entry point '@spartacus/product/variants/root'[39m
[build:product] [37m------------------------------------------------------------------------------[39m
[build:product] - Compiling with Angular sources in Ivy partial compilation mode.
[build:organization] [32m✔[39m Compiling with Angular sources in Ivy partial compilation mode.
[build:organization] [32m✔[39m Generating FESM bundles
[build:organization] [32m✔[39m Built @spartacus/organization/account-summary/components
[build:organization] [37m[39m
[build:organization] [37m------------------------------------------------------------------------------[39m
[build:organization] [37mBuilding entry point '@spartacus/organization/account-summary'[39m
[build:organization] [37m------------------------------------------------------------------------------[39m
[build:organization] - Compiling with Angular sources in Ivy partial compilation mode.
[build:product] [32m✔[39m Compiling with Angular sources in Ivy partial compilation mode.
[build:product] [32m✔[39m Generating FESM bundles
[build:product] [32m✔[39m Built @spartacus/product/variants/root
[build:product] [32m[39m
[build:product] [32m------------------------------------------------------------------------------[39m
[build:product] [32mBuilt Angular Package[39m
[build:product] [32m - from: /Users/I845016/dev/spartacus/jdk21/server_test_devci77/spartacus/feature-libs/product[39m
[build:product] [32m - to:   /Users/I845016/dev/spartacus/jdk21/server_test_devci77/spartacus/dist/product[39m
[build:product] [32m------------------------------------------------------------------------------[39m
[build:product] [37m[37m[39m[37m[39m
[build:product] [37m[37mBuild at: [1m2025-10-21T17:32:04.948Z[22m - Time: [1m20679[22mms[39m[37m[39m
[build:product] [37m[37m[39m[37m[39m
[build:product] 
[build:product] 
[build:product] 
[build:product]  NX   Successfully ran target build for project product
[build:product] 
[build:product] 
[build:product] npm run build:product exited with code 0
[build:organization] [32m✔[39m Compiling with Angular sources in Ivy partial compilation mode.
[build:organization] [32m✔[39m Generating FESM bundles
[build:organization] [32m✔[39m Built @spartacus/organization/account-summary
[build:organization] [37m[39m
[build:organization] [37m------------------------------------------------------------------------------[39m
[build:organization] [37mBuilding entry point '@spartacus/organization/order-approval'[39m
[build:organization] [37m------------------------------------------------------------------------------[39m
[build:organization] - Compiling with Angular sources in Ivy partial compilation mode.
[build:organization] [32m✔[39m Compiling with Angular sources in Ivy partial compilation mode.
[build:organization] [32m✔[39m Generating FESM bundles
[build:organization] [32m✔[39m Built @spartacus/organization/order-approval
[build:organization] [37m[39m
[build:organization] [37m------------------------------------------------------------------------------[39m
[build:organization] [37mBuilding entry point '@spartacus/organization/unit-order/root'[39m
[build:organization] [37m------------------------------------------------------------------------------[39m
[build:organization] - Compiling with Angular sources in Ivy partial compilation mode.
[build:organization] [32m✔[39m Compiling with Angular sources in Ivy partial compilation mode.
[build:organization] [32m✔[39m Generating FESM bundles
[build:organization] [32m✔[39m Built @spartacus/organization/unit-order/root
[build:organization] [37m[39m
[build:organization] [37m------------------------------------------------------------------------------[39m
[build:organization] [37mBuilding entry point '@spartacus/organization/unit-order/core'[39m
[build:organization] [37m------------------------------------------------------------------------------[39m
[build:organization] - Compiling with Angular sources in Ivy partial compilation mode.
[build:organization] [32m✔[39m Compiling with Angular sources in Ivy partial compilation mode.
[build:organization] [32m✔[39m Generating FESM bundles
[build:organization] [32m✔[39m Built @spartacus/organization/unit-order/core
[build:organization] [37m[39m
[build:organization] [37m------------------------------------------------------------------------------[39m
[build:organization] [37mBuilding entry point '@spartacus/organization/unit-order/components'[39m
[build:organization] [37m------------------------------------------------------------------------------[39m
[build:organization] - Compiling with Angular sources in Ivy partial compilation mode.
[build:organization] [32m✔[39m Compiling with Angular sources in Ivy partial compilation mode.
[build:organization] [32m✔[39m Generating FESM bundles
[build:organization] [32m✔[39m Built @spartacus/organization/unit-order/components
[build:organization] [37m[39m
[build:organization] [37m------------------------------------------------------------------------------[39m
[build:organization] [37mBuilding entry point '@spartacus/organization/unit-order/occ'[39m
[build:organization] [37m------------------------------------------------------------------------------[39m
[build:organization] - Compiling with Angular sources in Ivy partial compilation mode.
[build:organization] [32m✔[39m Compiling with Angular sources in Ivy partial compilation mode.
[build:organization] [32m✔[39m Generating FESM bundles
[build:organization] [32m✔[39m Built @spartacus/organization/unit-order/occ
[build:organization] [37m[39m
[build:organization] [37m------------------------------------------------------------------------------[39m
[build:organization] [37mBuilding entry point '@spartacus/organization/unit-order'[39m
[build:organization] [37m------------------------------------------------------------------------------[39m
[build:organization] - Compiling with Angular sources in Ivy partial compilation mode.
[build:organization] [32m✔[39m Compiling with Angular sources in Ivy partial compilation mode.
[build:organization] [32m✔[39m Generating FESM bundles
[build:organization] [32m✔[39m Built @spartacus/organization/unit-order
[build:organization] [37m[39m
[build:organization] [37m------------------------------------------------------------------------------[39m
[build:organization] [37mBuilding entry point '@spartacus/organization/user-registration/root'[39m
[build:organization] [37m------------------------------------------------------------------------------[39m
[build:organization] - Compiling with Angular sources in Ivy partial compilation mode.
[build:organization] [32m✔[39m Compiling with Angular sources in Ivy partial compilation mode.
[build:organization] [32m✔[39m Generating FESM bundles
[build:organization] [32m✔[39m Built @spartacus/organization/user-registration/root
[build:organization] [37m[39m
[build:organization] [37m------------------------------------------------------------------------------[39m
[build:organization] [37mBuilding entry point '@spartacus/organization/user-registration/components'[39m
[build:organization] [37m------------------------------------------------------------------------------[39m
[build:organization] - Compiling with Angular sources in Ivy partial compilation mode.
[build:organization] [32m✔[39m Compiling with Angular sources in Ivy partial compilation mode.
[build:organization] [32m✔[39m Generating FESM bundles
[build:organization] [32m✔[39m Built @spartacus/organization/user-registration/components
[build:organization] [37m[39m
[build:organization] [37m------------------------------------------------------------------------------[39m
[build:organization] [37mBuilding entry point '@spartacus/organization/user-registration/core'[39m
[build:organization] [37m------------------------------------------------------------------------------[39m
[build:organization] - Compiling with Angular sources in Ivy partial compilation mode.
[build:organization] [32m✔[39m Compiling with Angular sources in Ivy partial compilation mode.
[build:organization] [32m✔[39m Generating FESM bundles
[build:organization] [32m✔[39m Built @spartacus/organization/user-registration/core
[build:organization] [37m[39m
[build:organization] [37m------------------------------------------------------------------------------[39m
[build:organization] [37mBuilding entry point '@spartacus/organization/user-registration/occ'[39m
[build:organization] [37m------------------------------------------------------------------------------[39m
[build:organization] - Compiling with Angular sources in Ivy partial compilation mode.
[build:organization] [32m✔[39m Compiling with Angular sources in Ivy partial compilation mode.
[build:organization] [32m✔[39m Generating FESM bundles
[build:organization] [32m✔[39m Built @spartacus/organization/user-registration/occ
[build:organization] [37m[39m
[build:organization] [37m------------------------------------------------------------------------------[39m
[build:organization] [37mBuilding entry point '@spartacus/organization/user-registration'[39m
[build:organization] [37m------------------------------------------------------------------------------[39m
[build:organization] - Compiling with Angular sources in Ivy partial compilation mode.
[build:organization] [32m✔[39m Compiling with Angular sources in Ivy partial compilation mode.
[build:organization] [32m✔[39m Generating FESM bundles
[build:organization] [32m✔[39m Built @spartacus/organization/user-registration
[build:organization] [37m[39m
[build:organization] [37m------------------------------------------------------------------------------[39m
[build:organization] [37mBuilding entry point '@spartacus/organization/account-summary/assets'[39m
[build:organization] [37m------------------------------------------------------------------------------[39m
[build:organization] - Compiling with Angular sources in Ivy partial compilation mode.
[build:organization] [32m✔[39m Compiling with Angular sources in Ivy partial compilation mode.
[build:organization] [32m✔[39m Generating FESM bundles
[build:organization] [32m✔[39m Built @spartacus/organization/account-summary/assets
[build:organization] [37m[39m
[build:organization] [37m------------------------------------------------------------------------------[39m
[build:organization] [37mBuilding entry point '@spartacus/organization/administration/assets'[39m
[build:organization] [37m------------------------------------------------------------------------------[39m
[build:organization] - Compiling with Angular sources in Ivy partial compilation mode.
[build:organization] [32m✔[39m Compiling with Angular sources in Ivy partial compilation mode.
[build:organization] [32m✔[39m Generating FESM bundles
[build:organization] [32m✔[39m Built @spartacus/organization/administration/assets
[build:organization] [37m[39m
[build:organization] [37m------------------------------------------------------------------------------[39m
[build:organization] [37mBuilding entry point '@spartacus/organization/order-approval/assets'[39m
[build:organization] [37m------------------------------------------------------------------------------[39m
[build:organization] - Compiling with Angular sources in Ivy partial compilation mode.
[build:organization] [32m✔[39m Compiling with Angular sources in Ivy partial compilation mode.
[build:organization] [32m✔[39m Generating FESM bundles
[build:organization] [32m✔[39m Built @spartacus/organization/order-approval/assets
[build:organization] [37m[39m
[build:organization] [37m------------------------------------------------------------------------------[39m
[build:organization] [37mBuilding entry point '@spartacus/organization/order-approval/root'[39m
[build:organization] [37m------------------------------------------------------------------------------[39m
[build:organization] - Compiling with Angular sources in Ivy partial compilation mode.
[build:organization] [32m✔[39m Compiling with Angular sources in Ivy partial compilation mode.
[build:organization] [32m✔[39m Generating FESM bundles
[build:organization] [32m✔[39m Built @spartacus/organization/order-approval/root
[build:organization] [37m[39m
[build:organization] [37m------------------------------------------------------------------------------[39m
[build:organization] [37mBuilding entry point '@spartacus/organization/unit-order/assets'[39m
[build:organization] [37m------------------------------------------------------------------------------[39m
[build:organization] - Compiling with Angular sources in Ivy partial compilation mode.
[build:organization] [32m✔[39m Compiling with Angular sources in Ivy partial compilation mode.
[build:organization] [32m✔[39m Generating FESM bundles
[build:organization] [32m✔[39m Built @spartacus/organization/unit-order/assets
[build:organization] [37m[39m
[build:organization] [37m------------------------------------------------------------------------------[39m
[build:organization] [37mBuilding entry point '@spartacus/organization/user-registration/assets'[39m
[build:organization] [37m------------------------------------------------------------------------------[39m
[build:organization] - Compiling with Angular sources in Ivy partial compilation mode.
[build:organization] [32m✔[39m Compiling with Angular sources in Ivy partial compilation mode.
[build:organization] [32m✔[39m Generating FESM bundles
[build:organization] [32m✔[39m Built @spartacus/organization/user-registration/assets
[build:organization] [32m[39m
[build:organization] [32m------------------------------------------------------------------------------[39m
[build:organization] [32mBuilt Angular Package[39m
[build:organization] [32m - from: /Users/I845016/dev/spartacus/jdk21/server_test_devci77/spartacus/feature-libs/organization[39m
[build:organization] [32m - to:   /Users/I845016/dev/spartacus/jdk21/server_test_devci77/spartacus/dist/organization[39m
[build:organization] [32m------------------------------------------------------------------------------[39m
[build:organization] [37m[37m[39m[37m[39m
[build:organization] [37m[37mBuild at: [1m2025-10-21T17:32:18.218Z[22m - Time: [1m33948[22mms[39m[37m[39m
[build:organization] [37m[37m[39m[37m[39m
[build:organization] 
[build:organization] 
[build:organization] 
[build:organization]  NX   Successfully ran target build for project organization
[build:organization] 
[build:organization] 
[build:organization] npm run build:organization exited with code 0
[build:requested-delivery-date] 
[build:requested-delivery-date] > storefrontapp@0.0.0 build:requested-delivery-date
[build:requested-delivery-date] > npm --prefix feature-libs/requested-delivery-date run build:schematics && nx build requested-delivery-date --configuration production
[build:requested-delivery-date] 
[build:requested-delivery-date] 
[build:requested-delivery-date] > @spartacus/requested-delivery-date@221121.2.0 build:schematics
[build:requested-delivery-date] > npm run clean:schematics && ../../node_modules/.bin/tsc -p ./tsconfig.schematics.json
[build:requested-delivery-date] 
[build:requested-delivery-date] 
[build:requested-delivery-date] > @spartacus/requested-delivery-date@221121.2.0 clean:schematics
[build:requested-delivery-date] > ../../node_modules/.bin/rimraf --glob "schematics/**/*.js" "schematics/**/*.js.map" "schematics/**/*.d.ts"
[build:requested-delivery-date] 
[build:requested-delivery-date] 
[build:requested-delivery-date] > nx run requested-delivery-date:build:production
[build:requested-delivery-date] 
[build:requested-delivery-date] [34mBuilding Angular Package[39m
[build:requested-delivery-date] [37m[39m
[build:requested-delivery-date] [37m------------------------------------------------------------------------------[39m
[build:requested-delivery-date] [37mBuilding entry point '@spartacus/requested-delivery-date/root'[39m
[build:requested-delivery-date] [37m------------------------------------------------------------------------------[39m
[build:requested-delivery-date] - Compiling with Angular sources in Ivy partial compilation mode.
[build:requested-delivery-date] [32m✔[39m Compiling with Angular sources in Ivy partial compilation mode.
[build:requested-delivery-date] [32m✔[39m Generating FESM bundles
[build:requested-delivery-date] [32m✔[39m Built @spartacus/requested-delivery-date/root
[build:requested-delivery-date] [37m[39m
[build:requested-delivery-date] [37m------------------------------------------------------------------------------[39m
[build:requested-delivery-date] [37mBuilding entry point '@spartacus/requested-delivery-date/core'[39m
[build:requested-delivery-date] [37m------------------------------------------------------------------------------[39m
[build:requested-delivery-date] - Compiling with Angular sources in Ivy partial compilation mode.
[build:requested-delivery-date] [32m✔[39m Compiling with Angular sources in Ivy partial compilation mode.
[build:requested-delivery-date] [32m✔[39m Generating FESM bundles
[build:requested-delivery-date] [32m✔[39m Built @spartacus/requested-delivery-date/core
[build:requested-delivery-date] [37m[39m
[build:requested-delivery-date] [37m------------------------------------------------------------------------------[39m
[build:requested-delivery-date] [37mBuilding entry point '@spartacus/requested-delivery-date/occ'[39m
[build:requested-delivery-date] [37m------------------------------------------------------------------------------[39m
[build:requested-delivery-date] - Compiling with Angular sources in Ivy partial compilation mode.
[build:requested-delivery-date] [32m✔[39m Compiling with Angular sources in Ivy partial compilation mode.
[build:requested-delivery-date] [32m✔[39m Generating FESM bundles
[build:requested-delivery-date] [32m✔[39m Built @spartacus/requested-delivery-date/occ
[build:requested-delivery-date] [37m[39m
[build:requested-delivery-date] [37m------------------------------------------------------------------------------[39m
[build:requested-delivery-date] [37mBuilding entry point '@spartacus/requested-delivery-date'[39m
[build:requested-delivery-date] [37m------------------------------------------------------------------------------[39m
[build:requested-delivery-date] - Compiling with Angular sources in Ivy partial compilation mode.
[build:requested-delivery-date] [32m✔[39m Compiling with Angular sources in Ivy partial compilation mode.
[build:requested-delivery-date] [32m✔[39m Generating FESM bundles
[build:requested-delivery-date] - Copying assets
[build:requested-delivery-date] [32m✔[39m Copying assets
[build:requested-delivery-date] - Writing package manifest
[build:requested-delivery-date] [34mℹ[39m Removing scripts section in package.json as it's considered a potential security vulnerability.
[build:requested-delivery-date] [32m✔[39m Writing package manifest
[build:requested-delivery-date] [32m✔[39m Built @spartacus/requested-delivery-date
[build:requested-delivery-date] [37m[39m
[build:requested-delivery-date] [37m------------------------------------------------------------------------------[39m
[build:requested-delivery-date] [37mBuilding entry point '@spartacus/requested-delivery-date/assets'[39m
[build:requested-delivery-date] [37m------------------------------------------------------------------------------[39m
[build:requested-delivery-date] - Compiling with Angular sources in Ivy partial compilation mode.
[build:requested-delivery-date] [32m✔[39m Compiling with Angular sources in Ivy partial compilation mode.
[build:requested-delivery-date] [32m✔[39m Generating FESM bundles
[build:requested-delivery-date] [32m✔[39m Built @spartacus/requested-delivery-date/assets
[build:requested-delivery-date] [32m[39m
[build:requested-delivery-date] [32m------------------------------------------------------------------------------[39m
[build:requested-delivery-date] [32mBuilt Angular Package[39m
[build:requested-delivery-date] [32m - from: /Users/I845016/dev/spartacus/jdk21/server_test_devci77/spartacus/feature-libs/requested-delivery-date[39m
[build:requested-delivery-date] [32m - to:   /Users/I845016/dev/spartacus/jdk21/server_test_devci77/spartacus/dist/requested-delivery-date[39m
[build:requested-delivery-date] [32m------------------------------------------------------------------------------[39m
[build:requested-delivery-date] [37m[37m[39m[37m[39m
[build:requested-delivery-date] [37m[37mBuild at: [1m2025-10-21T17:32:27.977Z[22m - Time: [1m5600[22mms[39m[37m[39m
[build:requested-delivery-date] [37m[37m[39m[37m[39m
[build:requested-delivery-date] 
[build:requested-delivery-date] 
[build:requested-delivery-date] 
[build:requested-delivery-date]  NX   Successfully ran target build for project requested-delivery-date
[build:requested-delivery-date] 
[build:requested-delivery-date] 
[build:requested-delivery-date] npm run build:requested-delivery-date exited with code 0
[build:estimated-delivery-date] 
[build:estimated-delivery-date] > storefrontapp@0.0.0 build:estimated-delivery-date
[build:estimated-delivery-date] > npm --prefix feature-libs/estimated-delivery-date run build:schematics && nx build estimated-delivery-date --configuration production
[build:estimated-delivery-date] 
[build:pickup-in-store] 
[build:pickup-in-store] > storefrontapp@0.0.0 build:pickup-in-store
[build:pickup-in-store] > npm --prefix feature-libs/pickup-in-store run build:schematics && nx build pickup-in-store --configuration production
[build:pickup-in-store] 
[build:estimated-delivery-date] 
[build:estimated-delivery-date] > @spartacus/estimated-delivery-date@221121.2.0 build:schematics
[build:estimated-delivery-date] > npm run clean:schematics && ../../node_modules/.bin/tsc -p ./tsconfig.schematics.json
[build:estimated-delivery-date] 
[build:pickup-in-store] 
[build:pickup-in-store] > @spartacus/pickup-in-store@221121.2.0 build:schematics
[build:pickup-in-store] > npm run clean:schematics && ../../node_modules/.bin/tsc -p ./tsconfig.schematics.json
[build:pickup-in-store] 
[build:pickup-in-store] 
[build:pickup-in-store] > @spartacus/pickup-in-store@221121.2.0 clean:schematics
[build:pickup-in-store] > ../../node_modules/.bin/rimraf --glob "schematics/**/*.js" "schematics/**/*.js.map" "schematics/**/*.d.ts"
[build:pickup-in-store] 
[build:estimated-delivery-date] 
[build:estimated-delivery-date] > @spartacus/estimated-delivery-date@221121.2.0 clean:schematics
[build:estimated-delivery-date] > ../../node_modules/.bin/rimraf --glob "schematics/**/*.js" "schematics/**/*.js.map" "schematics/**/*.d.ts"
[build:estimated-delivery-date] 
[build:estimated-delivery-date] 
[build:estimated-delivery-date] > nx run estimated-delivery-date:build:production
[build:estimated-delivery-date] 
[build:pickup-in-store] 
[build:pickup-in-store] > nx run pickup-in-store:build:production
[build:pickup-in-store] 
[build:estimated-delivery-date] [34mBuilding Angular Package[39m
[build:pickup-in-store] [34mBuilding Angular Package[39m
[build:estimated-delivery-date] [37m[39m
[build:estimated-delivery-date] [37m------------------------------------------------------------------------------[39m
[build:estimated-delivery-date] [37mBuilding entry point '@spartacus/estimated-delivery-date/root'[39m
[build:estimated-delivery-date] [37m------------------------------------------------------------------------------[39m
[build:estimated-delivery-date] - Compiling with Angular sources in Ivy partial compilation mode.
[build:pickup-in-store] [37m[39m
[build:pickup-in-store] [37m------------------------------------------------------------------------------[39m
[build:pickup-in-store] [37mBuilding entry point '@spartacus/pickup-in-store/root'[39m
[build:pickup-in-store] [37m------------------------------------------------------------------------------[39m
[build:pickup-in-store] - Compiling with Angular sources in Ivy partial compilation mode.
[build:estimated-delivery-date] [32m✔[39m Compiling with Angular sources in Ivy partial compilation mode.
[build:estimated-delivery-date] [32m✔[39m Generating FESM bundles
[build:estimated-delivery-date] [32m✔[39m Built @spartacus/estimated-delivery-date/root
[build:estimated-delivery-date] [37m[39m
[build:estimated-delivery-date] [37m------------------------------------------------------------------------------[39m
[build:estimated-delivery-date] [37mBuilding entry point '@spartacus/estimated-delivery-date'[39m
[build:estimated-delivery-date] [37m------------------------------------------------------------------------------[39m
[build:estimated-delivery-date] - Compiling with Angular sources in Ivy partial compilation mode.
[build:pickup-in-store] [32m✔[39m Compiling with Angular sources in Ivy partial compilation mode.
[build:pickup-in-store] [32m✔[39m Generating FESM bundles
[build:pickup-in-store] [32m✔[39m Built @spartacus/pickup-in-store/root
[build:pickup-in-store] [37m[39m
[build:pickup-in-store] [37m------------------------------------------------------------------------------[39m
[build:pickup-in-store] [37mBuilding entry point '@spartacus/pickup-in-store/core'[39m
[build:pickup-in-store] [37m------------------------------------------------------------------------------[39m
[build:pickup-in-store] - Compiling with Angular sources in Ivy partial compilation mode.
[build:estimated-delivery-date] [32m✔[39m Compiling with Angular sources in Ivy partial compilation mode.
[build:estimated-delivery-date] [32m✔[39m Generating FESM bundles
[build:estimated-delivery-date] - Copying assets
[build:estimated-delivery-date] [32m✔[39m Copying assets
[build:estimated-delivery-date] - Writing package manifest
[build:estimated-delivery-date] [34mℹ[39m Removing scripts section in package.json as it's considered a potential security vulnerability.
[build:estimated-delivery-date] [32m✔[39m Writing package manifest
[build:estimated-delivery-date] [32m✔[39m Built @spartacus/estimated-delivery-date
[build:estimated-delivery-date] [37m[39m
[build:estimated-delivery-date] [37m------------------------------------------------------------------------------[39m
[build:estimated-delivery-date] [37mBuilding entry point '@spartacus/estimated-delivery-date/assets'[39m
[build:estimated-delivery-date] [37m------------------------------------------------------------------------------[39m
[build:estimated-delivery-date] - Compiling with Angular sources in Ivy partial compilation mode.
[build:pickup-in-store] [32m✔[39m Compiling with Angular sources in Ivy partial compilation mode.
[build:pickup-in-store] [32m✔[39m Generating FESM bundles
[build:pickup-in-store] [32m✔[39m Built @spartacus/pickup-in-store/core
[build:pickup-in-store] [37m[39m
[build:pickup-in-store] [37m------------------------------------------------------------------------------[39m
[build:pickup-in-store] [37mBuilding entry point '@spartacus/pickup-in-store/components'[39m
[build:pickup-in-store] [37m------------------------------------------------------------------------------[39m
[build:pickup-in-store] - Compiling with Angular sources in Ivy partial compilation mode.
[build:estimated-delivery-date] [32m✔[39m Compiling with Angular sources in Ivy partial compilation mode.
[build:estimated-delivery-date] [32m✔[39m Generating FESM bundles
[build:estimated-delivery-date] [32m✔[39m Built @spartacus/estimated-delivery-date/assets
[build:estimated-delivery-date] [37m[39m
[build:estimated-delivery-date] [37m------------------------------------------------------------------------------[39m
[build:estimated-delivery-date] [37mBuilding entry point '@spartacus/estimated-delivery-date/show-estimated-delivery-date'[39m
[build:estimated-delivery-date] [37m------------------------------------------------------------------------------[39m
[build:estimated-delivery-date] - Compiling with Angular sources in Ivy partial compilation mode.
[build:estimated-delivery-date] [32m✔[39m Compiling with Angular sources in Ivy partial compilation mode.
[build:estimated-delivery-date] [32m✔[39m Generating FESM bundles
[build:estimated-delivery-date] [32m✔[39m Built @spartacus/estimated-delivery-date/show-estimated-delivery-date
[build:estimated-delivery-date] [32m[39m
[build:estimated-delivery-date] [32m------------------------------------------------------------------------------[39m
[build:estimated-delivery-date] [32mBuilt Angular Package[39m
[build:estimated-delivery-date] [32m - from: /Users/I845016/dev/spartacus/jdk21/server_test_devci77/spartacus/feature-libs/estimated-delivery-date[39m
[build:estimated-delivery-date] [32m - to:   /Users/I845016/dev/spartacus/jdk21/server_test_devci77/spartacus/dist/estimated-delivery-date[39m
[build:estimated-delivery-date] [32m------------------------------------------------------------------------------[39m
[build:estimated-delivery-date] [37m[37m[39m[37m[39m
[build:estimated-delivery-date] [37m[37mBuild at: [1m2025-10-21T17:32:36.670Z[22m - Time: [1m5125[22mms[39m[37m[39m
[build:estimated-delivery-date] [37m[37m[39m[37m[39m
[build:estimated-delivery-date] 
[build:estimated-delivery-date] 
[build:estimated-delivery-date] 
[build:estimated-delivery-date]  NX   Successfully ran target build for project estimated-delivery-date
[build:estimated-delivery-date] 
[build:estimated-delivery-date] 
[build:estimated-delivery-date] npm run build:estimated-delivery-date exited with code 0
[build:pickup-in-store] [32m✔[39m Compiling with Angular sources in Ivy partial compilation mode.
[build:pickup-in-store] [32m✔[39m Generating FESM bundles
[build:pickup-in-store] [32m✔[39m Built @spartacus/pickup-in-store/components
[build:pickup-in-store] [37m[39m
[build:pickup-in-store] [37m------------------------------------------------------------------------------[39m
[build:pickup-in-store] [37mBuilding entry point '@spartacus/pickup-in-store/occ'[39m
[build:pickup-in-store] [37m------------------------------------------------------------------------------[39m
[build:pickup-in-store] - Compiling with Angular sources in Ivy partial compilation mode.
[build:pickup-in-store] [32m✔[39m Compiling with Angular sources in Ivy partial compilation mode.
[build:pickup-in-store] [32m✔[39m Generating FESM bundles
[build:pickup-in-store] [32m✔[39m Built @spartacus/pickup-in-store/occ
[build:pickup-in-store] [37m[39m
[build:pickup-in-store] [37m------------------------------------------------------------------------------[39m
[build:pickup-in-store] [37mBuilding entry point '@spartacus/pickup-in-store'[39m
[build:pickup-in-store] [37m------------------------------------------------------------------------------[39m
[build:pickup-in-store] - Compiling with Angular sources in Ivy partial compilation mode.
[build:pickup-in-store] [32m✔[39m Compiling with Angular sources in Ivy partial compilation mode.
[build:pickup-in-store] [32m✔[39m Generating FESM bundles
[build:pickup-in-store] - Copying assets
[build:pickup-in-store] [32m✔[39m Copying assets
[build:pickup-in-store] - Writing package manifest
[build:pickup-in-store] [34mℹ[39m Removing scripts section in package.json as it's considered a potential security vulnerability.
[build:pickup-in-store] [32m✔[39m Writing package manifest
[build:pickup-in-store] [32m✔[39m Built @spartacus/pickup-in-store
[build:pickup-in-store] [37m[39m
[build:pickup-in-store] [37m------------------------------------------------------------------------------[39m
[build:pickup-in-store] [37mBuilding entry point '@spartacus/pickup-in-store/assets'[39m
[build:pickup-in-store] [37m------------------------------------------------------------------------------[39m
[build:pickup-in-store] - Compiling with Angular sources in Ivy partial compilation mode.
[build:pickup-in-store] [32m✔[39m Compiling with Angular sources in Ivy partial compilation mode.
[build:pickup-in-store] [32m✔[39m Generating FESM bundles
[build:pickup-in-store] [32m✔[39m Built @spartacus/pickup-in-store/assets
[build:pickup-in-store] [32m[39m
[build:pickup-in-store] [32m------------------------------------------------------------------------------[39m
[build:pickup-in-store] [32mBuilt Angular Package[39m
[build:pickup-in-store] [32m - from: /Users/I845016/dev/spartacus/jdk21/server_test_devci77/spartacus/feature-libs/pickup-in-store[39m
[build:pickup-in-store] [32m - to:   /Users/I845016/dev/spartacus/jdk21/server_test_devci77/spartacus/dist/pickup-in-store[39m
[build:pickup-in-store] [32m------------------------------------------------------------------------------[39m
[build:pickup-in-store] [37m[37m[39m[37m[39m
[build:pickup-in-store] [37m[37mBuild at: [1m2025-10-21T17:32:39.576Z[22m - Time: [1m8030[22mms[39m[37m[39m
[build:pickup-in-store] [37m[37m[39m[37m[39m
[build:pickup-in-store] 
[build:pickup-in-store] 
[build:pickup-in-store] 
[build:pickup-in-store]  NX   Successfully ran target build for project pickup-in-store
[build:pickup-in-store] 
[build:pickup-in-store] 
[build:pickup-in-store] npm run build:pickup-in-store exited with code 0
[build:cdp] 
[build:cdp] > storefrontapp@0.0.0 build:cdp
[build:cdp] > npm --prefix integration-libs/cdp run build:schematics && nx build cdp --configuration production
[build:cdp] 
[build:quote] 
[build:quote] > storefrontapp@0.0.0 build:quote
[build:quote] > npm --prefix feature-libs/quote run build:schematics && nx build quote --configuration production
[build:quote] 
[build:punchout] 
[build:punchout] > storefrontapp@0.0.0 build:punchout
[build:punchout] > npm --prefix integration-libs/punchout run build:schematics && npx nx build punchout --configuration production
[build:punchout] 
[build:digital-payments] 
[build:digital-payments] > storefrontapp@0.0.0 build:digital-payments
[build:digital-payments] > npm --prefix integration-libs/digital-payments run build:schematics && nx build digital-payments --configuration production
[build:digital-payments] 
[build:segment-refs] 
[build:segment-refs] > storefrontapp@0.0.0 build:segment-refs
[build:segment-refs] > npm --prefix integration-libs/segment-refs run build:schematics && nx build segment-refs --configuration production
[build:segment-refs] 
[build:qualtrics] 
[build:qualtrics] > storefrontapp@0.0.0 build:qualtrics
[build:qualtrics] > npm --prefix feature-libs/qualtrics run build:schematics && nx build qualtrics --configuration production
[build:qualtrics] 
[build:opf] 
[build:opf] > storefrontapp@0.0.0 build:opf
[build:opf] > npm --prefix integration-libs/opf run build:schematics && nx build opf --configuration production
[build:opf] 
[build:cds] 
[build:cds] > storefrontapp@0.0.0 build:cds
[build:cds] > npm --prefix integration-libs/cds run build:schematics && nx build cds --configuration production
[build:cds] 
[build:smartedit] 
[build:smartedit] > storefrontapp@0.0.0 build:smartedit
[build:smartedit] > npm --prefix feature-libs/smartedit run build:schematics && nx build smartedit --configuration production
[build:smartedit] 
[build:cdc] 
[build:cdc] > storefrontapp@0.0.0 build:cdc
[build:cdc] > npm --prefix integration-libs/cdc run build:schematics && nx build cdc --configuration production
[build:cdc] 
[build:assets] 
[build:assets] > storefrontapp@0.0.0 build:assets
[build:assets] > npm --prefix ./projects/assets run build
[build:assets] 
[build:cpq-quote] 
[build:cpq-quote] > storefrontapp@0.0.0 build:cpq-quote
[build:cpq-quote] > npm --prefix integration-libs/cpq-quote run build:schematics && npx nx build cpq-quote --configuration production
[build:cpq-quote] 
[build:epd-visualization] 
[build:epd-visualization] > storefrontapp@0.0.0 build:epd-visualization
[build:epd-visualization] > npm --prefix integration-libs/epd-visualization run build:schematics && nx build epd-visualization --configuration production
[build:epd-visualization] 
[build:omf] 
[build:omf] > storefrontapp@0.0.0 build:omf
[build:omf] > npm --prefix integration-libs/omf run build:schematics && nx build omf --configuration production
[build:omf] 
[build:s4om] 
[build:s4om] > storefrontapp@0.0.0 build:s4om
[build:s4om] > npm --prefix integration-libs/s4om run build:schematics && nx build s4om --configuration production
[build:s4om] 
[build:opps] 
[build:opps] > storefrontapp@0.0.0 build:opps
[build:opps] > npm --prefix integration-libs/opps run build:schematics && nx build opps --configuration production
[build:opps] 
[build:omf] 
[build:omf] > @spartacus/omf@221121.2.0 build:schematics
[build:omf] > npm run clean:schematics && ../../node_modules/.bin/tsc -p ./tsconfig.schematics.json
[build:omf] 
[build:assets] 
[build:assets] > @spartacus/assets@221121.2.0 build
[build:assets] > nx build assets --configuration production && npm run generate:translations:ts-2-json
[build:assets] 
[build:cdc] 
[build:cdc] > @spartacus/cdc@221121.2.0 build:schematics
[build:cdc] > npm run clean:schematics && ../../node_modules/.bin/tsc -p ./tsconfig.schematics.json
[build:cdc] 
[build:segment-refs] 
[build:segment-refs] > @spartacus/segment-refs@221121.2.0 build:schematics
[build:segment-refs] > npm run clean:schematics && ../../node_modules/.bin/tsc -p ./tsconfig.schematics.json
[build:segment-refs] 
[build:cdp] 
[build:cdp] > @spartacus/cdp@221121.2.0 build:schematics
[build:cdp] > npm run clean:schematics && ../../node_modules/.bin/tsc -p ./tsconfig.schematics.json
[build:cdp] 
[build:opps] 
[build:opps] > @spartacus/opps@221121.2.0 build:schematics
[build:opps] > npm run clean:schematics && ../../node_modules/.bin/tsc -p ./tsconfig.schematics.json
[build:opps] 
[build:qualtrics] 
[build:qualtrics] > @spartacus/qualtrics@221121.2.0 build:schematics
[build:qualtrics] > npm run clean:schematics && ../../node_modules/.bin/tsc -p ./tsconfig.schematics.json
[build:qualtrics] 
[build:punchout] 
[build:punchout] > @spartacus/punchout@221121.2.0 build:schematics
[build:punchout] > npm run clean:schematics && ../../node_modules/.bin/tsc -p ./tsconfig.schematics.json
[build:punchout] 
[build:digital-payments] 
[build:digital-payments] > @spartacus/digital-payments@221121.2.0 build:schematics
[build:digital-payments] > npm run clean:schematics && ../../node_modules/.bin/tsc -p ./tsconfig.schematics.json
[build:digital-payments] 
[build:s4om] 
[build:s4om] > @spartacus/s4om@221121.2.0 build:schematics
[build:s4om] > npm run clean:schematics && ../../node_modules/.bin/tsc -p ./tsconfig.schematics.json
[build:s4om] 
[build:cpq-quote] 
[build:cpq-quote] > @spartacus/cpq-quote@221121.2.0 build:schematics
[build:cpq-quote] > npm run clean:schematics && ../../node_modules/.bin/tsc -p ./tsconfig.schematics.json
[build:cpq-quote] 
[build:opf] 
[build:opf] > @spartacus/opf@221121.2.0 build:schematics
[build:opf] > npm run clean:schematics && ../../node_modules/.bin/tsc -p ./tsconfig.schematics.json
[build:opf] 
[build:epd-visualization] 
[build:epd-visualization] > @spartacus/epd-visualization@221121.2.0 build:schematics
[build:epd-visualization] > npm run clean:schematics && ../../node_modules/.bin/tsc -p ./tsconfig.schematics.json
[build:epd-visualization] 
[build:quote] 
[build:quote] > @spartacus/quote@221121.2.0 build:schematics
[build:quote] > npm run clean:schematics && ../../node_modules/.bin/tsc -p ./tsconfig.schematics.json
[build:quote] 
[build:smartedit] 
[build:smartedit] > @spartacus/smartedit@221121.2.0 build:schematics
[build:smartedit] > npm run clean:schematics && ../../node_modules/.bin/tsc -p ./tsconfig.schematics.json
[build:smartedit] 
[build:cds] 
[build:cds] > @spartacus/cds@221121.2.0 build:schematics
[build:cds] > npm run clean:schematics && ../../node_modules/.bin/tsc -p ./tsconfig.schematics.json
[build:cds] 
[build:qualtrics] 
[build:qualtrics] > @spartacus/qualtrics@221121.2.0 clean:schematics
[build:qualtrics] > ../../node_modules/.bin/rimraf --glob "schematics/**/*.js" "schematics/**/*.js.map" "schematics/**/*.d.ts"
[build:qualtrics] 
[build:smartedit] 
[build:smartedit] > @spartacus/smartedit@221121.2.0 clean:schematics
[build:smartedit] > ../../node_modules/.bin/rimraf --glob "schematics/**/*.js" "schematics/**/*.js.map" "schematics/**/*.d.ts"
[build:smartedit] 
[build:punchout] 
[build:punchout] > @spartacus/punchout@221121.2.0 clean:schematics
[build:punchout] > ../../node_modules/.bin/rimraf --glob "schematics/**/*.js" "schematics/**/*.js.map" "schematics/**/*.d.ts"
[build:punchout] 
[build:opps] 
[build:opps] > @spartacus/opps@221121.2.0 clean:schematics
[build:opps] > ../../node_modules/.bin/rimraf --glob "schematics/**/*.js" "schematics/**/*.js.map" "schematics/**/*.d.ts"
[build:opps] 
[build:cdp] 
[build:cdp] > @spartacus/cdp@221121.2.0 clean:schematics
[build:cdp] > ../../node_modules/.bin/rimraf --glob "schematics/**/*.js" "schematics/**/*.js.map" "schematics/**/*.d.ts"
[build:cdp] 
[build:omf] 
[build:omf] > @spartacus/omf@221121.2.0 clean:schematics
[build:omf] > ../../node_modules/.bin/rimraf --glob "schematics/**/*.js" "schematics/**/*.js.map" "schematics/**/*.d.ts"
[build:omf] 
[build:s4om] 
[build:s4om] > @spartacus/s4om@221121.2.0 clean:schematics
[build:s4om] > ../../node_modules/.bin/rimraf --glob "schematics/**/*.js" "schematics/**/*.js.map" "schematics/**/*.d.ts"
[build:s4om] 
[build:digital-payments] 
[build:digital-payments] > @spartacus/digital-payments@221121.2.0 clean:schematics
[build:digital-payments] > ../../node_modules/.bin/rimraf --glob "schematics/**/*.js" "schematics/**/*.js.map" "schematics/**/*.d.ts"
[build:digital-payments] 
[build:opf] 
[build:opf] > @spartacus/opf@221121.2.0 clean:schematics
[build:opf] > ../../node_modules/.bin/rimraf --glob "schematics/**/*.js" "schematics/**/*.js.map" "schematics/**/*.d.ts"
[build:opf] 
[build:segment-refs] 
[build:segment-refs] > @spartacus/segment-refs@221121.2.0 clean:schematics
[build:segment-refs] > ../../node_modules/.bin/rimraf --glob "schematics/**/*.js" "schematics/**/*.js.map" "schematics/**/*.d.ts"
[build:segment-refs] 
[build:cpq-quote] 
[build:cpq-quote] > @spartacus/cpq-quote@221121.2.0 clean:schematics
[build:cpq-quote] > ../../node_modules/.bin/rimraf --glob "schematics/**/*.js" "schematics/**/*.js.map" "schematics/**/*.d.ts"
[build:cpq-quote] 
[build:epd-visualization] 
[build:epd-visualization] > @spartacus/epd-visualization@221121.2.0 clean:schematics
[build:epd-visualization] > ../../node_modules/.bin/rimraf --glob "schematics/**/*.js" "schematics/**/*.js.map" "schematics/**/*.d.ts"
[build:epd-visualization] 
[build:cds] 
[build:cds] > @spartacus/cds@221121.2.0 clean:schematics
[build:cds] > ../../node_modules/.bin/rimraf --glob "src/schematics/**/*.js" "src/schematics/**/*.js.map" "src/schematics/**/*.d.ts"
[build:cds] 
[build:cdc] 
[build:cdc] > @spartacus/cdc@221121.2.0 clean:schematics
[build:cdc] > ../../node_modules/.bin/rimraf --glob "schematics/**/*.js" "schematics/**/*.js.map" "schematics/**/*.d.ts"
[build:cdc] 
[build:quote] 
[build:quote] > @spartacus/quote@221121.2.0 clean:schematics
[build:quote] > ../../node_modules/.bin/rimraf --glob "schematics/**/*.js" "schematics/**/*.js.map" "schematics/**/*.d.ts"
[build:quote] 
[build:assets] 
[build:assets] > nx run assets:build:production
[build:assets] 
[build:assets] [34mBuilding Angular Package[39m
[build:digital-payments] 
[build:digital-payments] > nx run digital-payments:build:production
[build:digital-payments] 
[build:opps] 
[build:opps] > nx run opps:build:production
[build:opps] 
[build:quote] 
[build:quote] > nx run quote:build:production
[build:quote] 
[build:cdc] 
[build:cdc] > nx run cdc:build:production
[build:cdc] 
[build:assets] [37m[39m
[build:assets] [37m------------------------------------------------------------------------------[39m
[build:assets] [37mBuilding entry point '@spartacus/assets'[39m
[build:assets] [37m------------------------------------------------------------------------------[39m
[build:assets] - Compiling with Angular sources in Ivy partial compilation mode.
[build:epd-visualization] 
[build:epd-visualization] > nx run epd-visualization:build:production
[build:epd-visualization] 
[build:qualtrics] 
[build:qualtrics] > nx run qualtrics:build:production
[build:qualtrics] 
[build:cds] 
[build:cds] > nx run cds:build:production
[build:cds] 
[build:segment-refs] 
[build:smartedit] 
[build:segment-refs] > nx run segment-refs:build:production
[build:segment-refs] 
[build:smartedit] > nx run smartedit:build:production
[build:smartedit] 
[build:s4om] 
[build:s4om] > nx run s4om:build:production
[build:s4om] 
[build:opf] 
[build:opf] > nx run opf:build:production
[build:opf] 
[build:cdp] 
[build:cdp] > nx run cdp:build:production
[build:cdp] 
[build:omf] 
[build:omf] > nx run omf:build:production
[build:omf] 
[build:assets] [32m✔[39m Compiling with Angular sources in Ivy partial compilation mode.
[build:punchout] 
[build:punchout] > nx run punchout:build:production
[build:punchout] 
[build:cpq-quote] 
[build:cpq-quote] > nx run cpq-quote:build:production
[build:cpq-quote] 
[build:assets] [32m✔[39m Generating FESM bundles
[build:assets] - Copying assets
[build:assets] [32m✔[39m Copying assets
[build:assets] - Writing package manifest
[build:assets] [34mℹ[39m Removing scripts section in package.json as it's considered a potential security vulnerability.
[build:assets] [32m✔[39m Writing package manifest
[build:assets] [32m✔[39m Built @spartacus/assets
[build:assets] [32m[39m
[build:assets] [32m------------------------------------------------------------------------------[39m
[build:assets] [32mBuilt Angular Package[39m
[build:assets] [32m - from: /Users/I845016/dev/spartacus/jdk21/server_test_devci77/spartacus/projects/assets[39m
[build:assets] [32m - to:   /Users/I845016/dev/spartacus/jdk21/server_test_devci77/spartacus/dist/assets[39m
[build:assets] [32m------------------------------------------------------------------------------[39m
[build:assets] [37m[37m[39m[37m[39m
[build:assets] [37m[37mBuild at: [1m2025-10-21T17:32:53.426Z[22m - Time: [1m2921[22mms[39m[37m[39m
[build:assets] [37m[37m[39m[37m[39m
[build:assets] 
[build:assets] 
[build:assets] 
[build:assets]  NX   Successfully ran target build for project assets
[build:assets] 
[build:assets] 
[build:cds] [34mBuilding Angular Package[39m
[build:opps] [34mBuilding Angular Package[39m
[build:qualtrics] [34mBuilding Angular Package[39m
[build:smartedit] [34mBuilding Angular Package[39m
[build:segment-refs] [34mBuilding Angular Package[39m
[build:digital-payments] [34mBuilding Angular Package[39m
[build:cdc] [34mBuilding Angular Package[39m
[build:epd-visualization] [34mBuilding Angular Package[39m
[build:quote] [34mBuilding Angular Package[39m
[build:segment-refs] [37m[39m
[build:segment-refs] [37m------------------------------------------------------------------------------[39m
[build:segment-refs] [37mBuilding entry point '@spartacus/segment-refs'[39m
[build:segment-refs] [37m------------------------------------------------------------------------------[39m
[build:segment-refs] - Compiling with Angular sources in Ivy partial compilation mode.
[build:qualtrics] [37m[39m
[build:qualtrics] [37m------------------------------------------------------------------------------[39m
[build:qualtrics] [37mBuilding entry point '@spartacus/qualtrics/components'[39m
[build:qualtrics] [37m------------------------------------------------------------------------------[39m
[build:qualtrics] - Compiling with Angular sources in Ivy partial compilation mode.
[build:opps] [37m[39m
[build:opps] [37m------------------------------------------------------------------------------[39m
[build:opps] [37mBuilding entry point '@spartacus/opps'[39m
[build:opps] [37m------------------------------------------------------------------------------[39m
[build:opps] - Compiling with Angular sources in Ivy partial compilation mode.
[build:smartedit] [37m[39m
[build:smartedit] [37m------------------------------------------------------------------------------[39m
[build:smartedit] [37mBuilding entry point '@spartacus/smartedit/root'[39m
[build:smartedit] [37m------------------------------------------------------------------------------[39m
[build:smartedit] - Compiling with Angular sources in Ivy partial compilation mode.
[build:assets] 
[build:assets] > @spartacus/assets@221121.2.0 generate:translations:ts-2-json
[build:assets] > ts-node ./generate-translations-ts-2-json
[build:assets] 
[build:s4om] [34mBuilding Angular Package[39m
[build:opf] [34mBuilding Angular Package[39m
[build:digital-payments] [37m[39m
[build:digital-payments] [37m------------------------------------------------------------------------------[39m
[build:digital-payments] [37mBuilding entry point '@spartacus/digital-payments'[39m
[build:digital-payments] [37m------------------------------------------------------------------------------[39m
[build:digital-payments] - Compiling with Angular sources in Ivy partial compilation mode.
[build:cdp] [34mBuilding Angular Package[39m
[build:omf] [34mBuilding Angular Package[39m
[build:cdp] [37m[39m
[build:cdp] [37m------------------------------------------------------------------------------[39m
[build:cdp] [37mBuilding entry point '@spartacus/cdp'[39m
[build:cdp] [37m------------------------------------------------------------------------------[39m
[build:cdp] - Compiling with Angular sources in Ivy partial compilation mode.
[build:omf] [37m[39m
[build:omf] [37m------------------------------------------------------------------------------[39m
[build:omf] [37mBuilding entry point '@spartacus/omf'[39m
[build:omf] [37m------------------------------------------------------------------------------[39m
[build:omf] - Compiling with Angular sources in Ivy partial compilation mode.
[build:s4om] [37m[39m
[build:s4om] [37m------------------------------------------------------------------------------[39m
[build:s4om] [37mBuilding entry point '@spartacus/s4om'[39m
[build:s4om] [37m------------------------------------------------------------------------------[39m
[build:s4om] - Compiling with Angular sources in Ivy partial compilation mode.
[build:cds] [37m[39m
[build:cds] [37m------------------------------------------------------------------------------[39m
[build:cds] [37mBuilding entry point '@spartacus/cds/assets'[39m
[build:cds] [37m------------------------------------------------------------------------------[39m
[build:cds] - Compiling with Angular sources in Ivy partial compilation mode.
[build:epd-visualization] [37m[39m
[build:epd-visualization] [37m------------------------------------------------------------------------------[39m
[build:epd-visualization] [37mBuilding entry point '@spartacus/epd-visualization/root'[39m
[build:epd-visualization] [37m------------------------------------------------------------------------------[39m
[build:epd-visualization] - Compiling with Angular sources in Ivy partial compilation mode.
[build:cdc] [37m[39m
[build:cdc] [37m------------------------------------------------------------------------------[39m
[build:cdc] [37mBuilding entry point '@spartacus/cdc/root'[39m
[build:cdc] [37m------------------------------------------------------------------------------[39m
[build:cdc] - Compiling with Angular sources in Ivy partial compilation mode.
[build:quote] [37m[39m
[build:quote] [37m------------------------------------------------------------------------------[39m
[build:quote] [37mBuilding entry point '@spartacus/quote/root'[39m
[build:quote] [37m------------------------------------------------------------------------------[39m
[build:quote] - Compiling with Angular sources in Ivy partial compilation mode.
[build:assets] Translations generated in '../../dist/assets/'
[build:assets] npm run build:assets exited with code 0
[build:smartedit] [32m✔[39m Compiling with Angular sources in Ivy partial compilation mode.
[build:qualtrics] [32m✔[39m Compiling with Angular sources in Ivy partial compilation mode.
[build:smartedit] [32m✔[39m Generating FESM bundles
[build:smartedit] [32m✔[39m Built @spartacus/smartedit/root
[build:smartedit] [37m[39m
[build:smartedit] [37m------------------------------------------------------------------------------[39m
[build:smartedit] [37mBuilding entry point '@spartacus/smartedit/core'[39m
[build:smartedit] [37m------------------------------------------------------------------------------[39m
[build:smartedit] - Compiling with Angular sources in Ivy partial compilation mode.
[build:qualtrics] [32m✔[39m Generating FESM bundles
[build:qualtrics] [32m✔[39m Built @spartacus/qualtrics/components
[build:qualtrics] [37m[39m
[build:qualtrics] [37m------------------------------------------------------------------------------[39m
[build:qualtrics] [37mBuilding entry point '@spartacus/qualtrics'[39m
[build:qualtrics] [37m------------------------------------------------------------------------------[39m
[build:qualtrics] - Compiling with Angular sources in Ivy partial compilation mode.
[build:smartedit] [32m✔[39m Compiling with Angular sources in Ivy partial compilation mode.
[build:smartedit] [32m✔[39m Generating FESM bundles
[build:smartedit] [32m✔[39m Built @spartacus/smartedit/core
[build:smartedit] [37m[39m
[build:smartedit] [37m------------------------------------------------------------------------------[39m
[build:smartedit] [37mBuilding entry point '@spartacus/smartedit'[39m
[build:smartedit] [37m------------------------------------------------------------------------------[39m
[build:smartedit] - Compiling with Angular sources in Ivy partial compilation mode.
[build:qualtrics] [32m✔[39m Compiling with Angular sources in Ivy partial compilation mode.
[build:qualtrics] [32m✔[39m Generating FESM bundles
[build:qualtrics] - Copying assets
[build:qualtrics] [32m✔[39m Copying assets
[build:qualtrics] - Writing package manifest
[build:qualtrics] [34mℹ[39m Removing scripts section in package.json as it's considered a potential security vulnerability.
[build:qualtrics] [32m✔[39m Writing package manifest
[build:qualtrics] [32m✔[39m Built @spartacus/qualtrics
[build:qualtrics] [37m[39m
[build:qualtrics] [37m------------------------------------------------------------------------------[39m
[build:qualtrics] [37mBuilding entry point '@spartacus/qualtrics/root'[39m
[build:qualtrics] [37m------------------------------------------------------------------------------[39m
[build:qualtrics] - Compiling with Angular sources in Ivy partial compilation mode.
[build:cpq-quote] [34mBuilding Angular Package[39m
[build:punchout] [34mBuilding Angular Package[39m
[build:smartedit] [32m✔[39m Compiling with Angular sources in Ivy partial compilation mode.
[build:smartedit] [32m✔[39m Generating FESM bundles
[build:smartedit] - Copying assets
[build:smartedit] [32m✔[39m Copying assets
[build:smartedit] - Writing package manifest
[build:smartedit] [34mℹ[39m Removing scripts section in package.json as it's considered a potential security vulnerability.
[build:smartedit] [32m✔[39m Writing package manifest
[build:smartedit] [32m✔[39m Built @spartacus/smartedit
[build:smartedit] [32m[39m
[build:smartedit] [32m------------------------------------------------------------------------------[39m
[build:smartedit] [32mBuilt Angular Package[39m
[build:smartedit] [32m - from: /Users/I845016/dev/spartacus/jdk21/server_test_devci77/spartacus/feature-libs/smartedit[39m
[build:smartedit] [32m - to:   /Users/I845016/dev/spartacus/jdk21/server_test_devci77/spartacus/dist/smartedit[39m
[build:smartedit] [32m------------------------------------------------------------------------------[39m
[build:smartedit] [37m[37m[39m[37m[39m
[build:smartedit] [37m[37mBuild at: [1m2025-10-21T17:33:00.522Z[22m - Time: [1m6834[22mms[39m[37m[39m
[build:smartedit] [37m[37m[39m[37m[39m
[build:qualtrics] [32m✔[39m Compiling with Angular sources in Ivy partial compilation mode.
[build:smartedit] 
[build:smartedit] 
[build:smartedit] 
[build:smartedit]  NX   Successfully ran target build for project smartedit
[build:smartedit] 
[build:smartedit] 
[build:qualtrics] [32m✔[39m Generating FESM bundles
[build:smartedit] npm run build:smartedit exited with code 0
[build:qualtrics] [32m✔[39m Built @spartacus/qualtrics/root
[build:qualtrics] [32m[39m
[build:qualtrics] [32m------------------------------------------------------------------------------[39m
[build:qualtrics] [32mBuilt Angular Package[39m
[build:qualtrics] [32m - from: /Users/I845016/dev/spartacus/jdk21/server_test_devci77/spartacus/feature-libs/qualtrics[39m
[build:qualtrics] [32m - to:   /Users/I845016/dev/spartacus/jdk21/server_test_devci77/spartacus/dist/qualtrics[39m
[build:qualtrics] [32m------------------------------------------------------------------------------[39m
[build:qualtrics] [37m[37m[39m[37m[39m
[build:qualtrics] [37m[37mBuild at: [1m2025-10-21T17:33:00.878Z[22m - Time: [1m7190[22mms[39m[37m[39m
[build:qualtrics] [37m[37m[39m[37m[39m
[build:qualtrics] 
[build:qualtrics] 
[build:qualtrics] 
[build:qualtrics]  NX   Successfully ran target build for project qualtrics
[build:qualtrics] 
[build:qualtrics] 
[build:qualtrics] npm run build:qualtrics exited with code 0
[build:s4om] [32m✔[39m Compiling with Angular sources in Ivy partial compilation mode.
[build:omf] [32m✔[39m Compiling with Angular sources in Ivy partial compilation mode.
[build:segment-refs] [32m✔[39m Compiling with Angular sources in Ivy partial compilation mode.
[build:omf] [32m✔[39m Generating FESM bundles
[build:s4om] [32m✔[39m Generating FESM bundles
[build:omf] - Copying assets
[build:s4om] - Copying assets
[build:segment-refs] [32m✔[39m Generating FESM bundles
[build:segment-refs] - Copying assets
[build:omf] [32m✔[39m Copying assets
[build:omf] - Writing package manifest
[build:omf] [34mℹ[39m Removing scripts section in package.json as it's considered a potential security vulnerability.
[build:omf] [32m✔[39m Writing package manifest
[build:omf] [32m✔[39m Built @spartacus/omf
[build:omf] [37m[39m
[build:omf] [37m------------------------------------------------------------------------------[39m
[build:omf] [37mBuilding entry point '@spartacus/omf/order'[39m
[build:omf] [37m------------------------------------------------------------------------------[39m
[build:omf] - Compiling with Angular sources in Ivy partial compilation mode.
[build:segment-refs] [32m✔[39m Copying assets
[build:segment-refs] - Writing package manifest
[build:segment-refs] [34mℹ[39m Removing scripts section in package.json as it's considered a potential security vulnerability.
[build:segment-refs] [32m✔[39m Writing package manifest
[build:segment-refs] [32m✔[39m Built @spartacus/segment-refs
[build:segment-refs] [37m[39m
[build:segment-refs] [37m------------------------------------------------------------------------------[39m
[build:segment-refs] [37mBuilding entry point '@spartacus/segment-refs/root'[39m
[build:segment-refs] [37m------------------------------------------------------------------------------[39m
[build:segment-refs] - Compiling with Angular sources in Ivy partial compilation mode.
[build:s4om] [32m✔[39m Copying assets
[build:s4om] - Writing package manifest
[build:s4om] [34mℹ[39m Removing scripts section in package.json as it's considered a potential security vulnerability.
[build:s4om] [32m✔[39m Writing package manifest
[build:s4om] [32m✔[39m Built @spartacus/s4om
[build:s4om] [37m[39m
[build:s4om] [37m------------------------------------------------------------------------------[39m
[build:s4om] [37mBuilding entry point '@spartacus/s4om/assets'[39m
[build:s4om] [37m------------------------------------------------------------------------------[39m
[build:s4om] - Compiling with Angular sources in Ivy partial compilation mode.
[build:cpq-quote] [37m[39m
[build:cpq-quote] [37m------------------------------------------------------------------------------[39m
[build:cpq-quote] [37mBuilding entry point '@spartacus/cpq-quote/root'[39m
[build:cpq-quote] [37m------------------------------------------------------------------------------[39m
[build:cpq-quote] - Compiling with Angular sources in Ivy partial compilation mode.
[build:segment-refs] [32m✔[39m Compiling with Angular sources in Ivy partial compilation mode.
[build:segment-refs] [32m✔[39m Generating FESM bundles
[build:segment-refs] [32m✔[39m Built @spartacus/segment-refs/root
[build:segment-refs] [32m[39m
[build:segment-refs] [32m------------------------------------------------------------------------------[39m
[build:segment-refs] [32mBuilt Angular Package[39m
[build:segment-refs] [32m - from: /Users/I845016/dev/spartacus/jdk21/server_test_devci77/spartacus/integration-libs/segment-refs[39m
[build:segment-refs] [32m - to:   /Users/I845016/dev/spartacus/jdk21/server_test_devci77/spartacus/dist/segment-refs[39m
[build:segment-refs] [32m------------------------------------------------------------------------------[39m
[build:segment-refs] [37m[37m[39m[37m[39m
[build:segment-refs] [37m[37mBuild at: [1m2025-10-21T17:33:02.626Z[22m - Time: [1m8938[22mms[39m[37m[39m
[build:segment-refs] [37m[37m[39m[37m[39m
[build:segment-refs] 
[build:segment-refs] 
[build:segment-refs] 
[build:segment-refs]  NX   Successfully ran target build for project segment-refs
[build:segment-refs] 
[build:segment-refs] 
[build:segment-refs] npm run build:segment-refs exited with code 0
[build:cds] [32m✔[39m Compiling with Angular sources in Ivy partial compilation mode.
[build:cds] [32m✔[39m Generating FESM bundles
[build:cds] [32m✔[39m Built @spartacus/cds/assets
[build:cds] - Compiling with Angular sources in Ivy partial compilation mode.
[build:cds] [37m[39m
[build:cds] [37m------------------------------------------------------------------------------[39m
[build:cds] [37mBuilding entry point '@spartacus/cds'[39m
[build:cds] [37m------------------------------------------------------------------------------[39m
[build:punchout] [37m[39m
[build:punchout] [37m------------------------------------------------------------------------------[39m
[build:punchout] [37mBuilding entry point '@spartacus/punchout/root'[39m
[build:punchout] [37m------------------------------------------------------------------------------[39m
[build:punchout] - Compiling with Angular sources in Ivy partial compilation mode.
[build:opf] [37m[39m
[build:opf] [37m------------------------------------------------------------------------------[39m
[build:opf] [37mBuilding entry point '@spartacus/opf'[39m
[build:opf] [37m------------------------------------------------------------------------------[39m
[build:opf] - Compiling with Angular sources in Ivy partial compilation mode.
[build:opps] [32m✔[39m Compiling with Angular sources in Ivy partial compilation mode.
[build:opps] [32m✔[39m Generating FESM bundles
[build:opps] - Copying assets
[build:opps] [32m✔[39m Copying assets
[build:opps] - Writing package manifest
[build:opps] [34mℹ[39m Removing scripts section in package.json as it's considered a potential security vulnerability.
[build:opps] [32m✔[39m Writing package manifest
[build:opps] [32m✔[39m Built @spartacus/opps
[build:opps] - Compiling with Angular sources in Ivy partial compilation mode.
[build:opps] [37m[39m
[build:opps] [37m------------------------------------------------------------------------------[39m
[build:opps] [37mBuilding entry point '@spartacus/opps/root'[39m
[build:opps] [37m------------------------------------------------------------------------------[39m
[build:opps] [32m✔[39m Compiling with Angular sources in Ivy partial compilation mode.
[build:opps] [32m✔[39m Generating FESM bundles
[build:opps] [32m✔[39m Built @spartacus/opps/root
[build:opps] [32m[39m
[build:opps] [32m------------------------------------------------------------------------------[39m
[build:opps] [32mBuilt Angular Package[39m
[build:opps] [32m - from: /Users/I845016/dev/spartacus/jdk21/server_test_devci77/spartacus/integration-libs/opps[39m
[build:opps] [32m - to:   /Users/I845016/dev/spartacus/jdk21/server_test_devci77/spartacus/dist/opps[39m
[build:opps] [32m------------------------------------------------------------------------------[39m
[build:opps] [37m[37m[39m[37m[39m
[build:opps] [37m[37mBuild at: [1m2025-10-21T17:33:06.953Z[22m - Time: [1m13265[22mms[39m[37m[39m
[build:opps] [37m[37m[39m[37m[39m
[build:epd-visualization] [32m✔[39m Compiling with Angular sources in Ivy partial compilation mode.
[build:opps] 
[build:opps] 
[build:opps] 
[build:opps]  NX   Successfully ran target build for project opps
[build:opps] 
[build:opps] 
[build:opps] npm run build:opps exited with code 0
[build:epd-visualization] [32m✔[39m Generating FESM bundles
[build:epd-visualization] [32m✔[39m Built @spartacus/epd-visualization/root
[build:epd-visualization] [37m[39m
[build:epd-visualization] [37m------------------------------------------------------------------------------[39m
[build:epd-visualization] [37mBuilding entry point '@spartacus/epd-visualization/core'[39m
[build:epd-visualization] [37m------------------------------------------------------------------------------[39m
[build:epd-visualization] - Compiling with Angular sources in Ivy partial compilation mode.
[build:cdp] [32m✔[39m Compiling with Angular sources in Ivy partial compilation mode.
[build:cdp] [32m✔[39m Generating FESM bundles
[build:cdp] - Copying assets
[build:epd-visualization] [32m✔[39m Compiling with Angular sources in Ivy partial compilation mode.
[build:epd-visualization] [32m✔[39m Generating FESM bundles
[build:cdp] [32m✔[39m Copying assets
[build:cdp] - Writing package manifest
[build:cdp] [34mℹ[39m Removing scripts section in package.json as it's considered a potential security vulnerability.
[build:epd-visualization] [32m✔[39m Built @spartacus/epd-visualization/core
[build:epd-visualization] [37m[39m
[build:epd-visualization] [37m------------------------------------------------------------------------------[39m
[build:epd-visualization] [37mBuilding entry point '@spartacus/epd-visualization/components'[39m
[build:epd-visualization] [37m------------------------------------------------------------------------------[39m
[build:epd-visualization] - Compiling with Angular sources in Ivy partial compilation mode.
[build:cdp] [32m✔[39m Writing package manifest
[build:cdp] [32m✔[39m Built @spartacus/cdp
[build:cdp] [37m[39m
[build:cdp] [37m------------------------------------------------------------------------------[39m
[build:cdp] [37mBuilding entry point '@spartacus/cdp/customer-ticketing'[39m
[build:cdp] [37m------------------------------------------------------------------------------[39m
[build:cdp] - Compiling with Angular sources in Ivy partial compilation mode.
[build:quote] [32m✔[39m Compiling with Angular sources in Ivy partial compilation mode.
[build:s4om] [32m✔[39m Compiling with Angular sources in Ivy partial compilation mode.
[build:quote] [32m✔[39m Generating FESM bundles
[build:quote] [32m✔[39m Built @spartacus/quote/root
[build:quote] [37m[39m
[build:quote] [37m------------------------------------------------------------------------------[39m
[build:quote] [37mBuilding entry point '@spartacus/quote/core'[39m
[build:quote] [37m------------------------------------------------------------------------------[39m
[build:quote] - Compiling with Angular sources in Ivy partial compilation mode.
[build:s4om] [32m✔[39m Generating FESM bundles
[build:s4om] [32m✔[39m Built @spartacus/s4om/assets
[build:s4om] [37m[39m
[build:s4om] [37m------------------------------------------------------------------------------[39m
[build:s4om] [37mBuilding entry point '@spartacus/s4om/root'[39m
[build:s4om] [37m------------------------------------------------------------------------------[39m
[build:s4om] - Compiling with Angular sources in Ivy partial compilation mode.
[build:cdp] [32m✔[39m Compiling with Angular sources in Ivy partial compilation mode.
[build:digital-payments] [32m✔[39m Compiling with Angular sources in Ivy partial compilation mode.
[build:cdp] [32m✔[39m Generating FESM bundles
[build:cdp] [32m✔[39m Built @spartacus/cdp/customer-ticketing
[build:cdp] [32m[39m
[build:cdp] [32m------------------------------------------------------------------------------[39m
[build:cdp] [32mBuilt Angular Package[39m
[build:cdp] [32m - from: /Users/I845016/dev/spartacus/jdk21/server_test_devci77/spartacus/integration-libs/cdp[39m
[build:cdp] [32m - to:   /Users/I845016/dev/spartacus/jdk21/server_test_devci77/spartacus/dist/cdp[39m
[build:cdp] [32m------------------------------------------------------------------------------[39m
[build:cdp] [37m[37m[39m[37m[39m
[build:cdp] [37m[37mBuild at: [1m2025-10-21T17:33:10.365Z[22m - Time: [1m15158[22mms[39m[37m[39m
[build:cdp] [37m[37m[39m[37m[39m
[build:cdp] 
[build:cdp] 
[build:cdp] 
[build:cdp]  NX   Successfully ran target build for project cdp
[build:cdp] 
[build:cdp] 
[build:digital-payments] [32m✔[39m Generating FESM bundles
[build:digital-payments] - Copying assets
[build:cdc] [32m✔[39m Compiling with Angular sources in Ivy partial compilation mode.
[build:cdp] npm run build:cdp exited with code 0
[build:cdc] [32m✔[39m Generating FESM bundles
[build:cdc] [32m✔[39m Built @spartacus/cdc/root
[build:cdc] [37m[39m
[build:cdc] [37m------------------------------------------------------------------------------[39m
[build:cdc] [37mBuilding entry point '@spartacus/cdc/core'[39m
[build:cdc] [37m------------------------------------------------------------------------------[39m
[build:cdc] - Compiling with Angular sources in Ivy partial compilation mode.
[build:digital-payments] [32m✔[39m Copying assets
[build:digital-payments] - Writing package manifest
[build:digital-payments] [34mℹ[39m Removing scripts section in package.json as it's considered a potential security vulnerability.
[build:digital-payments] [32m✔[39m Writing package manifest
[build:digital-payments] [32m✔[39m Built @spartacus/digital-payments
[build:digital-payments] [37m[39m
[build:digital-payments] [37m------------------------------------------------------------------------------[39m
[build:digital-payments] [37mBuilding entry point '@spartacus/digital-payments/assets'[39m
[build:digital-payments] [37m------------------------------------------------------------------------------[39m
[build:digital-payments] - Compiling with Angular sources in Ivy partial compilation mode.
[build:quote] [32m✔[39m Compiling with Angular sources in Ivy partial compilation mode.
[build:quote] [32m✔[39m Generating FESM bundles
[build:quote] [32m✔[39m Built @spartacus/quote/core
[build:quote] [37m[39m
[build:quote] [37m------------------------------------------------------------------------------[39m
[build:quote] [37mBuilding entry point '@spartacus/quote/components'[39m
[build:quote] [37m------------------------------------------------------------------------------[39m
[build:quote] - Compiling with Angular sources in Ivy partial compilation mode.
[build:digital-payments] [32m✔[39m Compiling with Angular sources in Ivy partial compilation mode.
[build:digital-payments] [32m✔[39m Generating FESM bundles
[build:digital-payments] [32m✔[39m Built @spartacus/digital-payments/assets
[build:digital-payments] [32m[39m
[build:digital-payments] [32m------------------------------------------------------------------------------[39m
[build:digital-payments] [32mBuilt Angular Package[39m
[build:digital-payments] [32m - from: /Users/I845016/dev/spartacus/jdk21/server_test_devci77/spartacus/integration-libs/digital-payments[39m
[build:digital-payments] [32m - to:   /Users/I845016/dev/spartacus/jdk21/server_test_devci77/spartacus/dist/digital-payments[39m
[build:digital-payments] [32m------------------------------------------------------------------------------[39m
[build:digital-payments] [37m[37m[39m[37m[39m
[build:digital-payments] [37m[37mBuild at: [1m2025-10-21T17:33:12.275Z[22m - Time: [1m18587[22mms[39m[37m[39m
[build:digital-payments] [37m[37m[39m[37m[39m
[build:digital-payments] 
[build:digital-payments] 
[build:digital-payments] 
[build:digital-payments]  NX   Successfully ran target build for project digital-payments
[build:digital-payments] 
[build:digital-payments] 
[build:digital-payments] npm run build:digital-payments exited with code 0
[build:opf] [32m✔[39m Compiling with Angular sources in Ivy partial compilation mode.
[build:opf] [32m✔[39m Generating FESM bundles
[build:opf] - Copying assets
[build:cds] [32m✔[39m Compiling with Angular sources in Ivy partial compilation mode.
[build:cdc] [32m✔[39m Compiling with Angular sources in Ivy partial compilation mode.
[build:cdc] [32m✔[39m Generating FESM bundles
[build:cdc] [32m✔[39m Built @spartacus/cdc/core
[build:cdc] [37m[39m
[build:cdc] [37m------------------------------------------------------------------------------[39m
[build:cdc] [37mBuilding entry point '@spartacus/cdc/components'[39m
[build:cdc] [37m------------------------------------------------------------------------------[39m
[build:cdc] - Compiling with Angular sources in Ivy partial compilation mode.
[build:cds] [32m✔[39m Generating FESM bundles
[build:cds] - Copying assets
[build:cds] [32m✔[39m Copying assets
[build:cds] - Writing package manifest
[build:cds] [34mℹ[39m Removing scripts section in package.json as it's considered a potential security vulnerability.
[build:cds] [32m✔[39m Writing package manifest
[build:cds] [32m✔[39m Built @spartacus/cds
[build:cds] [32m[39m
[build:cds] [32m------------------------------------------------------------------------------[39m
[build:cds] [32mBuilt Angular Package[39m
[build:cds] [32m - from: /Users/I845016/dev/spartacus/jdk21/server_test_devci77/spartacus/integration-libs/cds[39m
[build:cds] [32m - to:   /Users/I845016/dev/spartacus/jdk21/server_test_devci77/spartacus/dist/cds[39m
[build:cds] [32m------------------------------------------------------------------------------[39m
[build:cds] [37m[37m[39m[37m[39m
[build:cds] [37m[37mBuild at: [1m2025-10-21T17:33:12.700Z[22m - Time: [1m19012[22mms[39m[37m[39m
[build:cds] [37m[37m[39m[37m[39m
[build:cds] 
[build:cds] 
[build:cds] 
[build:cds]  NX   Successfully ran target build for project cds
[build:cds] 
[build:cds] 
[build:cds] npm run build:cds exited with code 0
[build:s4om] [32m✔[39m Compiling with Angular sources in Ivy partial compilation mode.
[build:omf] [32m✔[39m Compiling with Angular sources in Ivy partial compilation mode.
[build:s4om] [32m✔[39m Generating FESM bundles
[build:s4om] [32m✔[39m Built @spartacus/s4om/root
[build:s4om] [32m[39m
[build:s4om] [32m------------------------------------------------------------------------------[39m
[build:s4om] [32mBuilt Angular Package[39m
[build:s4om] [32m - from: /Users/I845016/dev/spartacus/jdk21/server_test_devci77/spartacus/integration-libs/s4om[39m
[build:s4om] [32m - to:   /Users/I845016/dev/spartacus/jdk21/server_test_devci77/spartacus/dist/s4om[39m
[build:s4om] [32m------------------------------------------------------------------------------[39m
[build:s4om] [37m[37m[39m[37m[39m
[build:s4om] [37m[37mBuild at: [1m2025-10-21T17:33:13.253Z[22m - Time: [1m18337[22mms[39m[37m[39m
[build:s4om] [37m[37m[39m[37m[39m
[build:omf] [32m✔[39m Generating FESM bundles
[build:omf] [32m✔[39m Built @spartacus/omf/order
[build:omf] [37m[39m
[build:omf] [37m------------------------------------------------------------------------------[39m
[build:omf] [37mBuilding entry point '@spartacus/omf/root'[39m
[build:omf] [37m------------------------------------------------------------------------------[39m
[build:omf] - Compiling with Angular sources in Ivy partial compilation mode.
[build:s4om] 
[build:s4om] 
[build:s4om] 
[build:s4om]  NX   Successfully ran target build for project s4om
[build:s4om] 
[build:s4om] 
[build:s4om] npm run build:s4om exited with code 0
[build:opf] [32m✔[39m Copying assets
[build:opf] - Writing package manifest
[build:opf] [34mℹ[39m Removing scripts section in package.json as it's considered a potential security vulnerability.
[build:opf] [32m✔[39m Writing package manifest
[build:opf] [32m✔[39m Built @spartacus/opf
[build:opf] [37m[39m
[build:opf] [37m------------------------------------------------------------------------------[39m
[build:opf] [37mBuilding entry point '@spartacus/opf/base/root'[39m
[build:opf] [37m------------------------------------------------------------------------------[39m
[build:opf] - Compiling with Angular sources in Ivy partial compilation mode.
[build:omf] [32m✔[39m Compiling with Angular sources in Ivy partial compilation mode.
[build:omf] [32m✔[39m Generating FESM bundles
[build:omf] [32m✔[39m Built @spartacus/omf/root
[build:omf] [32m[39m
[build:omf] [32m------------------------------------------------------------------------------[39m
[build:omf] [32mBuilt Angular Package[39m
[build:omf] [32m - from: /Users/I845016/dev/spartacus/jdk21/server_test_devci77/spartacus/integration-libs/omf[39m
[build:omf] [32m - to:   /Users/I845016/dev/spartacus/jdk21/server_test_devci77/spartacus/dist/omf[39m
[build:omf] [32m------------------------------------------------------------------------------[39m
[build:omf] [37m[37m[39m[37m[39m
[build:omf] [37m[37mBuild at: [1m2025-10-21T17:33:13.430Z[22m - Time: [1m18221[22mms[39m[37m[39m
[build:omf] [37m[37m[39m[37m[39m
[build:omf] 
[build:omf] 
[build:omf] 
[build:omf]  NX   Successfully ran target build for project omf
[build:omf] 
[build:omf] 
[build:omf] npm run build:omf exited with code 0
[build:cdc] [32m✔[39m Compiling with Angular sources in Ivy partial compilation mode.
[build:cdc] [32m✔[39m Generating FESM bundles
[build:cdc] [32m✔[39m Built @spartacus/cdc/components
[build:cdc] [37m[39m
[build:cdc] [37m------------------------------------------------------------------------------[39m
[build:cdc] [37mBuilding entry point '@spartacus/cdc'[39m
[build:cdc] [37m------------------------------------------------------------------------------[39m
[build:cdc] - Compiling with Angular sources in Ivy partial compilation mode.
[build:quote] [32m✔[39m Compiling with Angular sources in Ivy partial compilation mode.
[build:quote] [32m✔[39m Generating FESM bundles
[build:quote] [32m✔[39m Built @spartacus/quote/components
[build:quote] [37m[39m
[build:quote] [37m------------------------------------------------------------------------------[39m
[build:quote] [37mBuilding entry point '@spartacus/quote/occ'[39m
[build:quote] [37m------------------------------------------------------------------------------[39m
[build:quote] - Compiling with Angular sources in Ivy partial compilation mode.
[build:cdc] [32m✔[39m Compiling with Angular sources in Ivy partial compilation mode.
[build:cdc] [32m✔[39m Generating FESM bundles
[build:cdc] - Copying assets
[build:cpq-quote] [32m✔[39m Compiling with Angular sources in Ivy partial compilation mode.
[build:cpq-quote] [32m✔[39m Generating FESM bundles
[build:cpq-quote] [32m✔[39m Built @spartacus/cpq-quote/root
[build:cpq-quote] [37m[39m
[build:cpq-quote] [37m------------------------------------------------------------------------------[39m
[build:cpq-quote] [37mBuilding entry point '@spartacus/cpq-quote'[39m
[build:cpq-quote] [37m------------------------------------------------------------------------------[39m
[build:cpq-quote] - Compiling with Angular sources in Ivy partial compilation mode.
[build:cdc] [32m✔[39m Copying assets
[build:cdc] - Writing package manifest
[build:cdc] [34mℹ[39m Removing scripts section in package.json as it's considered a potential security vulnerability.
[build:cdc] [32m✔[39m Writing package manifest
[build:cdc] [32m✔[39m Built @spartacus/cdc
[build:cdc] [37m[39m
[build:cdc] [37m------------------------------------------------------------------------------[39m
[build:cdc] [37mBuilding entry point '@spartacus/cdc/assets'[39m
[build:cdc] [37m------------------------------------------------------------------------------[39m
[build:cdc] - Compiling with Angular sources in Ivy partial compilation mode.
[build:punchout] [32m✔[39m Compiling with Angular sources in Ivy partial compilation mode.
[build:punchout] [32m✔[39m Generating FESM bundles
[build:epd-visualization] [32m✔[39m Compiling with Angular sources in Ivy partial compilation mode.
[build:punchout] [32m✔[39m Built @spartacus/punchout/root
[build:punchout] [37m[39m
[build:punchout] [37m------------------------------------------------------------------------------[39m
[build:punchout] [37mBuilding entry point '@spartacus/punchout/components'[39m
[build:punchout] [37m------------------------------------------------------------------------------[39m
[build:punchout] - Compiling with Angular sources in Ivy partial compilation mode.
[build:epd-visualization] [32m✔[39m Generating FESM bundles
[build:epd-visualization] [32m✔[39m Built @spartacus/epd-visualization/components
[build:epd-visualization] [37m[39m
[build:epd-visualization] [37m------------------------------------------------------------------------------[39m
[build:epd-visualization] [37mBuilding entry point '@spartacus/epd-visualization/epd-visualization-api'[39m
[build:epd-visualization] [37m------------------------------------------------------------------------------[39m
[build:epd-visualization] - Compiling with Angular sources in Ivy partial compilation mode.
[build:quote] [32m✔[39m Compiling with Angular sources in Ivy partial compilation mode.
[build:quote] [32m✔[39m Generating FESM bundles
[build:quote] [32m✔[39m Built @spartacus/quote/occ
[build:quote] [37m[39m
[build:quote] [37m------------------------------------------------------------------------------[39m
[build:quote] [37mBuilding entry point '@spartacus/quote'[39m
[build:quote] [37m------------------------------------------------------------------------------[39m
[build:quote] - Compiling with Angular sources in Ivy partial compilation mode.
[build:epd-visualization] [32m✔[39m Compiling with Angular sources in Ivy partial compilation mode.
[build:epd-visualization] [32m✔[39m Generating FESM bundles
[build:epd-visualization] [32m✔[39m Built @spartacus/epd-visualization/epd-visualization-api
[build:epd-visualization] [37m[39m
[build:epd-visualization] [37m------------------------------------------------------------------------------[39m
[build:epd-visualization] [37mBuilding entry point '@spartacus/epd-visualization'[39m
[build:epd-visualization] [37m------------------------------------------------------------------------------[39m
[build:epd-visualization] - Compiling with Angular sources in Ivy partial compilation mode.
[build:cdc] [32m✔[39m Compiling with Angular sources in Ivy partial compilation mode.
[build:cdc] [32m✔[39m Generating FESM bundles
[build:cdc] [32m✔[39m Built @spartacus/cdc/assets
[build:cdc] [37m[39m
[build:cdc] [37m------------------------------------------------------------------------------[39m
[build:cdc] [37mBuilding entry point '@spartacus/cdc/user-account'[39m
[build:cdc] [37m------------------------------------------------------------------------------[39m
[build:cdc] - Compiling with Angular sources in Ivy partial compilation mode.
[build:epd-visualization] [32m✔[39m Compiling with Angular sources in Ivy partial compilation mode.
[build:epd-visualization] [32m✔[39m Generating FESM bundles
[build:epd-visualization] - Copying assets
[build:epd-visualization] [32m✔[39m Copying assets
[build:epd-visualization] - Writing package manifest
[build:epd-visualization] [34mℹ[39m Removing scripts section in package.json as it's considered a potential security vulnerability.
[build:epd-visualization] [32m✔[39m Writing package manifest
[build:epd-visualization] [32m✔[39m Built @spartacus/epd-visualization
[build:epd-visualization] [37m[39m
[build:epd-visualization] [37m------------------------------------------------------------------------------[39m
[build:epd-visualization] [37mBuilding entry point '@spartacus/epd-visualization/assets'[39m
[build:epd-visualization] [37m------------------------------------------------------------------------------[39m
[build:epd-visualization] - Compiling with Angular sources in Ivy partial compilation mode.
[build:quote] [32m✔[39m Compiling with Angular sources in Ivy partial compilation mode.
[build:quote] [32m✔[39m Generating FESM bundles
[build:quote] - Copying assets
[build:cpq-quote] [32m✔[39m Compiling with Angular sources in Ivy partial compilation mode.
[build:cpq-quote] [32m✔[39m Generating FESM bundles
[build:cpq-quote] - Copying assets
[build:cpq-quote] [32m✔[39m Copying assets
[build:cpq-quote] - Writing package manifest
[build:cpq-quote] [34mℹ[39m Removing scripts section in package.json as it's considered a potential security vulnerability.
[build:cpq-quote] [32m✔[39m Writing package manifest
[build:cpq-quote] [32m✔[39m Built @spartacus/cpq-quote
[build:cpq-quote] [37m[39m
[build:cpq-quote] [37m------------------------------------------------------------------------------[39m
[build:cpq-quote] [37mBuilding entry point '@spartacus/cpq-quote/assets'[39m
[build:cpq-quote] [37m------------------------------------------------------------------------------[39m
[build:cpq-quote] - Compiling with Angular sources in Ivy partial compilation mode.
[build:epd-visualization] [32m✔[39m Compiling with Angular sources in Ivy partial compilation mode.
[build:cdc] [32m✔[39m Compiling with Angular sources in Ivy partial compilation mode.
[build:quote] [32m✔[39m Copying assets
[build:quote] - Writing package manifest
[build:quote] [34mℹ[39m Removing scripts section in package.json as it's considered a potential security vulnerability.
[build:quote] [32m✔[39m Writing package manifest
[build:quote] [32m✔[39m Built @spartacus/quote
[build:quote] [37m[39m
[build:quote] [37m------------------------------------------------------------------------------[39m
[build:quote] [37mBuilding entry point '@spartacus/quote/assets'[39m
[build:quote] [37m------------------------------------------------------------------------------[39m
[build:quote] - Compiling with Angular sources in Ivy partial compilation mode.
[build:epd-visualization] [32m✔[39m Generating FESM bundles
[build:epd-visualization] [32m✔[39m Built @spartacus/epd-visualization/assets
[build:epd-visualization] [32m[39m
[build:epd-visualization] [32m------------------------------------------------------------------------------[39m
[build:epd-visualization] [32mBuilt Angular Package[39m
[build:epd-visualization] [32m - from: /Users/I845016/dev/spartacus/jdk21/server_test_devci77/spartacus/integration-libs/epd-visualization[39m
[build:epd-visualization] [32m - to:   /Users/I845016/dev/spartacus/jdk21/server_test_devci77/spartacus/dist/epd-visualization[39m
[build:epd-visualization] [32m------------------------------------------------------------------------------[39m
[build:epd-visualization] [37m[37m[39m[37m[39m
[build:epd-visualization] [37m[37mBuild at: [1m2025-10-21T17:33:17.715Z[22m - Time: [1m24026[22mms[39m[37m[39m
[build:epd-visualization] [37m[37m[39m[37m[39m
[build:cdc] [32m✔[39m Generating FESM bundles
[build:cdc] [32m✔[39m Built @spartacus/cdc/user-account
[build:cdc] [37m[39m
[build:cdc] [37m------------------------------------------------------------------------------[39m
[build:cdc] [37mBuilding entry point '@spartacus/cdc/user-profile'[39m
[build:cdc] [37m------------------------------------------------------------------------------[39m
[build:cdc] - Compiling with Angular sources in Ivy partial compilation mode.
[build:epd-visualization] 
[build:epd-visualization] 
[build:epd-visualization] 
[build:epd-visualization]  NX   Successfully ran target build for project epd-visualization
[build:epd-visualization] 
[build:epd-visualization] 
[build:epd-visualization] npm run build:epd-visualization exited with code 0
[build:punchout] [32m✔[39m Compiling with Angular sources in Ivy partial compilation mode.
[build:punchout] [32m✔[39m Generating FESM bundles
[build:punchout] [32m✔[39m Built @spartacus/punchout/components
[build:punchout] [37m[39m
[build:punchout] [37m------------------------------------------------------------------------------[39m
[build:punchout] [37mBuilding entry point '@spartacus/punchout/core'[39m
[build:punchout] [37m------------------------------------------------------------------------------[39m
[build:punchout] - Compiling with Angular sources in Ivy partial compilation mode.
[build:cpq-quote] [32m✔[39m Compiling with Angular sources in Ivy partial compilation mode.
[build:cpq-quote] [32m✔[39m Generating FESM bundles
[build:cpq-quote] [32m✔[39m Built @spartacus/cpq-quote/assets
[build:cpq-quote] [37m[39m
[build:cpq-quote] [37m------------------------------------------------------------------------------[39m
[build:cpq-quote] [37mBuilding entry point '@spartacus/cpq-quote/cpq-quote-discount'[39m
[build:cpq-quote] [37m------------------------------------------------------------------------------[39m
[build:cpq-quote] - Compiling with Angular sources in Ivy partial compilation mode.
[build:opf] [32m✔[39m Compiling with Angular sources in Ivy partial compilation mode.
[build:quote] [32m✔[39m Compiling with Angular sources in Ivy partial compilation mode.
[build:opf] [32m✔[39m Generating FESM bundles
[build:opf] [32m✔[39m Built @spartacus/opf/base/root
[build:opf] [37m[39m
[build:opf] [37m------------------------------------------------------------------------------[39m
[build:opf] [37mBuilding entry point '@spartacus/opf/global-functions/root'[39m
[build:opf] [37m------------------------------------------------------------------------------[39m
[build:opf] - Compiling with Angular sources in Ivy partial compilation mode.
[build:quote] [32m✔[39m Generating FESM bundles
[build:quote] [32m✔[39m Built @spartacus/quote/assets
[build:quote] - Compiling with Angular sources in Ivy partial compilation mode.
[build:quote] [37m[39m
[build:quote] [37m------------------------------------------------------------------------------[39m
[build:quote] [37mBuilding entry point '@spartacus/quote/components/cart-guard'[39m
[build:quote] [37m------------------------------------------------------------------------------[39m
[build:cdc] [32m✔[39m Compiling with Angular sources in Ivy partial compilation mode.
[build:cdc] [32m✔[39m Generating FESM bundles
[build:cdc] [32m✔[39m Built @spartacus/cdc/user-profile
[build:cdc] [37m[39m
[build:cdc] [37m------------------------------------------------------------------------------[39m
[build:cdc] [37mBuilding entry point '@spartacus/cdc/organization/administration'[39m
[build:cdc] [37m------------------------------------------------------------------------------[39m
[build:cdc] - Compiling with Angular sources in Ivy partial compilation mode.
[build:opf] [32m✔[39m Compiling with Angular sources in Ivy partial compilation mode.
[build:opf] [32m✔[39m Generating FESM bundles
[build:opf] [32m✔[39m Built @spartacus/opf/global-functions/root
[build:opf] [37m[39m
[build:opf] [37m------------------------------------------------------------------------------[39m
[build:opf] [37mBuilding entry point '@spartacus/opf/payment/root'[39m
[build:opf] [37m------------------------------------------------------------------------------[39m
[build:opf] - Compiling with Angular sources in Ivy partial compilation mode.
[build:punchout] [32m✔[39m Compiling with Angular sources in Ivy partial compilation mode.
[build:punchout] [32m✔[39m Generating FESM bundles
[build:punchout] [32m✔[39m Built @spartacus/punchout/core
[build:punchout] [37m[39m
[build:punchout] [37m------------------------------------------------------------------------------[39m
[build:punchout] [37mBuilding entry point '@spartacus/punchout/occ'[39m
[build:punchout] [37m------------------------------------------------------------------------------[39m
[build:punchout] - Compiling with Angular sources in Ivy partial compilation mode.
[build:cpq-quote] [32m✔[39m Compiling with Angular sources in Ivy partial compilation mode.
[build:cpq-quote] [32m✔[39m Generating FESM bundles
[build:quote] [32m✔[39m Compiling with Angular sources in Ivy partial compilation mode.
[build:cpq-quote] [32m✔[39m Built @spartacus/cpq-quote/cpq-quote-discount
[build:cpq-quote] [32m[39m
[build:cpq-quote] [32m------------------------------------------------------------------------------[39m
[build:cpq-quote] [32mBuilt Angular Package[39m
[build:cpq-quote] [32m - from: /Users/I845016/dev/spartacus/jdk21/server_test_devci77/spartacus/integration-libs/cpq-quote[39m
[build:cpq-quote] [32m - to:   /Users/I845016/dev/spartacus/jdk21/server_test_devci77/spartacus/dist/cpq-quote[39m
[build:cpq-quote] [32m------------------------------------------------------------------------------[39m
[build:cpq-quote] [37m[37m[39m[37m[39m
[build:cpq-quote] [37m[37mBuild at: [1m2025-10-21T17:33:19.684Z[22m - Time: [1m20090[22mms[39m[37m[39m
[build:cpq-quote] [37m[37m[39m[37m[39m
[build:quote] [32m✔[39m Generating FESM bundles
[build:quote] [32m✔[39m Built @spartacus/quote/components/cart-guard
[build:quote] [37m[39m
[build:quote] [37m------------------------------------------------------------------------------[39m
[build:quote] [37mBuilding entry point '@spartacus/quote/components/request-button'[39m
[build:quote] [37m------------------------------------------------------------------------------[39m
[build:quote] - Compiling with Angular sources in Ivy partial compilation mode.
[build:opf] [32m✔[39m Compiling with Angular sources in Ivy partial compilation mode.
[build:opf] [32m✔[39m Generating FESM bundles
[build:opf] [32m✔[39m Built @spartacus/opf/payment/root
[build:opf] [37m[39m
[build:opf] [37m------------------------------------------------------------------------------[39m
[build:opf] [37mBuilding entry point '@spartacus/opf/b2b-checkout/core'[39m
[build:opf] [37m------------------------------------------------------------------------------[39m
[build:opf] - Compiling with Angular sources in Ivy partial compilation mode.
[build:cpq-quote] 
[build:cpq-quote] 
[build:cpq-quote] 
[build:cpq-quote]  NX   Successfully ran target build for project cpq-quote
[build:cpq-quote] 
[build:cpq-quote] 
[build:cpq-quote] npm run build:cpq-quote exited with code 0
[build:punchout] [32m✔[39m Compiling with Angular sources in Ivy partial compilation mode.
[build:punchout] [32m✔[39m Generating FESM bundles
[build:punchout] [32m✔[39m Built @spartacus/punchout/occ
[build:punchout] [37m[39m
[build:punchout] [37m------------------------------------------------------------------------------[39m
[build:punchout] [37mBuilding entry point '@spartacus/punchout'[39m
[build:punchout] [37m------------------------------------------------------------------------------[39m
[build:punchout] - Compiling with Angular sources in Ivy partial compilation mode.
[build:opf] [32m✔[39m Compiling with Angular sources in Ivy partial compilation mode.
[build:opf] [32m✔[39m Generating FESM bundles
[build:opf] [32m✔[39m Built @spartacus/opf/b2b-checkout/core
[build:opf] [37m[39m
[build:opf] [37m------------------------------------------------------------------------------[39m
[build:opf] [37mBuilding entry point '@spartacus/opf/checkout/root'[39m
[build:opf] [37m------------------------------------------------------------------------------[39m
[build:opf] - Compiling with Angular sources in Ivy partial compilation mode.
[build:cdc] [32m✔[39m Compiling with Angular sources in Ivy partial compilation mode.
[build:cdc] [32m✔[39m Generating FESM bundles
[build:cdc] [32m✔[39m Built @spartacus/cdc/organization/administration
[build:cdc] [37m[39m
[build:cdc] [37m------------------------------------------------------------------------------[39m
[build:cdc] [37mBuilding entry point '@spartacus/cdc/organization/user-registration'[39m
[build:cdc] [37m------------------------------------------------------------------------------[39m
[build:cdc] - Compiling with Angular sources in Ivy partial compilation mode.
[build:quote] [32m✔[39m Compiling with Angular sources in Ivy partial compilation mode.
[build:quote] [32m✔[39m Generating FESM bundles
[build:quote] [32m✔[39m Built @spartacus/quote/components/request-button
[build:quote] [32m[39m
[build:quote] [32m------------------------------------------------------------------------------[39m
[build:quote] [32mBuilt Angular Package[39m
[build:quote] [32m - from: /Users/I845016/dev/spartacus/jdk21/server_test_devci77/spartacus/feature-libs/quote[39m
[build:quote] [32m - to:   /Users/I845016/dev/spartacus/jdk21/server_test_devci77/spartacus/dist/quote[39m
[build:quote] [32m------------------------------------------------------------------------------[39m
[build:quote] [37m[37m[39m[37m[39m
[build:quote] [37m[37mBuild at: [1m2025-10-21T17:33:20.798Z[22m - Time: [1m27108[22mms[39m[37m[39m
[build:quote] [37m[37m[39m[37m[39m
[build:opf] [32m✔[39m Compiling with Angular sources in Ivy partial compilation mode.
[build:opf] [32m✔[39m Generating FESM bundles
[build:opf] [32m✔[39m Built @spartacus/opf/checkout/root
[build:opf] [37m[39m
[build:opf] [37m------------------------------------------------------------------------------[39m
[build:opf] [37mBuilding entry point '@spartacus/opf/payment/core'[39m
[build:opf] [37m------------------------------------------------------------------------------[39m
[build:opf] - Compiling with Angular sources in Ivy partial compilation mode.
[build:quote] 
[build:quote] 
[build:quote] 
[build:quote]  NX   Successfully ran target build for project quote
[build:quote] 
[build:quote] 
[build:quote] npm run build:quote exited with code 0
[build:punchout] [32m✔[39m Compiling with Angular sources in Ivy partial compilation mode.
[build:punchout] [32m✔[39m Generating FESM bundles
[build:punchout] - Copying assets
[build:punchout] [32m✔[39m Copying assets
[build:punchout] - Writing package manifest
[build:punchout] [34mℹ[39m Removing scripts section in package.json as it's considered a potential security vulnerability.
[build:punchout] [32m✔[39m Writing package manifest
[build:punchout] [32m✔[39m Built @spartacus/punchout
[build:punchout] [37m[39m
[build:punchout] [37m------------------------------------------------------------------------------[39m
[build:punchout] [37mBuilding entry point '@spartacus/punchout/assets'[39m
[build:punchout] [37m------------------------------------------------------------------------------[39m
[build:punchout] - Compiling with Angular sources in Ivy partial compilation mode.
[build:opf] [32m✔[39m Compiling with Angular sources in Ivy partial compilation mode.
[build:opf] [32m✔[39m Generating FESM bundles
[build:opf] [32m✔[39m Built @spartacus/opf/payment/core
[build:opf] [37m[39m
[build:opf] [37m------------------------------------------------------------------------------[39m
[build:opf] [37mBuilding entry point '@spartacus/opf/checkout/components'[39m
[build:opf] [37m------------------------------------------------------------------------------[39m
[build:opf] - Compiling with Angular sources in Ivy partial compilation mode.
[build:cdc] [32m✔[39m Compiling with Angular sources in Ivy partial compilation mode.
[build:cdc] [32m✔[39m Generating FESM bundles
[build:cdc] [32m✔[39m Built @spartacus/cdc/organization/user-registration
[build:cdc] [32m[39m
[build:cdc] [32m------------------------------------------------------------------------------[39m
[build:cdc] [32mBuilt Angular Package[39m
[build:cdc] [32m - from: /Users/I845016/dev/spartacus/jdk21/server_test_devci77/spartacus/integration-libs/cdc[39m
[build:cdc] [32m - to:   /Users/I845016/dev/spartacus/jdk21/server_test_devci77/spartacus/dist/cdc[39m
[build:cdc] [32m------------------------------------------------------------------------------[39m
[build:cdc] [37m[37m[39m[37m[39m
[build:cdc] [37m[37mBuild at: [1m2025-10-21T17:33:21.411Z[22m - Time: [1m27724[22mms[39m[37m[39m
[build:cdc] [37m[37m[39m[37m[39m
[build:cdc] 
[build:cdc] 
[build:cdc] 
[build:cdc]  NX   Successfully ran target build for project cdc
[build:cdc] 
[build:cdc] 
[build:cdc] npm run build:cdc exited with code 0
[build:punchout] [32m✔[39m Compiling with Angular sources in Ivy partial compilation mode.
[build:punchout] [32m✔[39m Generating FESM bundles
[build:punchout] [32m✔[39m Built @spartacus/punchout/assets
[build:punchout] [32m[39m
[build:punchout] [32m------------------------------------------------------------------------------[39m
[build:punchout] [32mBuilt Angular Package[39m
[build:punchout] [32m - from: /Users/I845016/dev/spartacus/jdk21/server_test_devci77/spartacus/integration-libs/punchout[39m
[build:punchout] [32m - to:   /Users/I845016/dev/spartacus/jdk21/server_test_devci77/spartacus/dist/punchout[39m
[build:punchout] [32m------------------------------------------------------------------------------[39m
[build:punchout] [37m[37m[39m[37m[39m
[build:punchout] [37m[37mBuild at: [1m2025-10-21T17:33:21.658Z[22m - Time: [1m22061[22mms[39m[37m[39m
[build:punchout] [37m[37m[39m[37m[39m
[build:punchout] 
[build:punchout] 
[build:punchout] 
[build:punchout]  NX   Successfully ran target build for project punchout
[build:punchout] 
[build:punchout] 
[build:punchout] npm run build:punchout exited with code 0
[build:opf] [32m✔[39m Compiling with Angular sources in Ivy partial compilation mode.
[build:opf] [32m✔[39m Generating FESM bundles
[build:opf] [32m✔[39m Built @spartacus/opf/checkout/components
[build:opf] [37m[39m
[build:opf] [37m------------------------------------------------------------------------------[39m
[build:opf] [37mBuilding entry point '@spartacus/opf/b2b-checkout/components'[39m
[build:opf] [37m------------------------------------------------------------------------------[39m
[build:opf] - Compiling with Angular sources in Ivy partial compilation mode.
[build:opf] [32m✔[39m Compiling with Angular sources in Ivy partial compilation mode.
[build:opf] [32m✔[39m Generating FESM bundles
[build:opf] [32m✔[39m Built @spartacus/opf/b2b-checkout/components
[build:opf] [37m[39m
[build:opf] [37m------------------------------------------------------------------------------[39m
[build:opf] [37mBuilding entry point '@spartacus/opf/b2b-checkout'[39m
[build:opf] [37m------------------------------------------------------------------------------[39m
[build:opf] - Compiling with Angular sources in Ivy partial compilation mode.
[build:opf] [32m✔[39m Compiling with Angular sources in Ivy partial compilation mode.
[build:opf] [32m✔[39m Generating FESM bundles
[build:opf] [32m✔[39m Built @spartacus/opf/b2b-checkout
[build:opf] [37m[39m
[build:opf] [37m------------------------------------------------------------------------------[39m
[build:opf] [37mBuilding entry point '@spartacus/opf/base/components'[39m
[build:opf] [37m------------------------------------------------------------------------------[39m
[build:opf] - Compiling with Angular sources in Ivy partial compilation mode.
[build:opf] [32m✔[39m Compiling with Angular sources in Ivy partial compilation mode.
[build:opf] [32m✔[39m Generating FESM bundles
[build:opf] [32m✔[39m Built @spartacus/opf/base/components
[build:opf] [37m[39m
[build:opf] [37m------------------------------------------------------------------------------[39m
[build:opf] [37mBuilding entry point '@spartacus/opf/base/core'[39m
[build:opf] [37m------------------------------------------------------------------------------[39m
[build:opf] - Compiling with Angular sources in Ivy partial compilation mode.
[build:opf] [32m✔[39m Compiling with Angular sources in Ivy partial compilation mode.
[build:opf] [32m✔[39m Generating FESM bundles
[build:opf] [32m✔[39m Built @spartacus/opf/base/core
[build:opf] [37m[39m
[build:opf] [37m------------------------------------------------------------------------------[39m
[build:opf] [37mBuilding entry point '@spartacus/opf/base/opf-api'[39m
[build:opf] [37m------------------------------------------------------------------------------[39m
[build:opf] - Compiling with Angular sources in Ivy partial compilation mode.
[build:opf] [32m✔[39m Compiling with Angular sources in Ivy partial compilation mode.
[build:opf] [32m✔[39m Generating FESM bundles
[build:opf] [32m✔[39m Built @spartacus/opf/base/opf-api
[build:opf] [37m[39m
[build:opf] [37m------------------------------------------------------------------------------[39m
[build:opf] [37mBuilding entry point '@spartacus/opf/base'[39m
[build:opf] [37m------------------------------------------------------------------------------[39m
[build:opf] - Compiling with Angular sources in Ivy partial compilation mode.
[build:opf] [32m✔[39m Compiling with Angular sources in Ivy partial compilation mode.
[build:opf] [32m✔[39m Generating FESM bundles
[build:opf] [32m✔[39m Built @spartacus/opf/base
[build:opf] [37m[39m
[build:opf] [37m------------------------------------------------------------------------------[39m
[build:opf] [37mBuilding entry point '@spartacus/opf/cta/root'[39m
[build:opf] [37m------------------------------------------------------------------------------[39m
[build:opf] - Compiling with Angular sources in Ivy partial compilation mode.
[build:opf] [32m✔[39m Compiling with Angular sources in Ivy partial compilation mode.
[build:opf] [32m✔[39m Generating FESM bundles
[build:opf] [32m✔[39m Built @spartacus/opf/cta/root
[build:opf] [37m[39m
[build:opf] [37m------------------------------------------------------------------------------[39m
[build:opf] [37mBuilding entry point '@spartacus/opf/cta/core'[39m
[build:opf] [37m------------------------------------------------------------------------------[39m
[build:opf] - Compiling with Angular sources in Ivy partial compilation mode.
[build:opf] [32m✔[39m Compiling with Angular sources in Ivy partial compilation mode.
[build:opf] [32m✔[39m Generating FESM bundles
[build:opf] [32m✔[39m Built @spartacus/opf/cta/core
[build:opf] [37m[39m
[build:opf] [37m------------------------------------------------------------------------------[39m
[build:opf] [37mBuilding entry point '@spartacus/opf/cta/components'[39m
[build:opf] [37m------------------------------------------------------------------------------[39m
[build:opf] - Compiling with Angular sources in Ivy partial compilation mode.
[build:opf] [32m✔[39m Compiling with Angular sources in Ivy partial compilation mode.
[build:opf] [32m✔[39m Generating FESM bundles
[build:opf] [32m✔[39m Built @spartacus/opf/cta/components
[build:opf] [37m[39m
[build:opf] [37m------------------------------------------------------------------------------[39m
[build:opf] [37mBuilding entry point '@spartacus/opf/cta/opf-api'[39m
[build:opf] [37m------------------------------------------------------------------------------[39m
[build:opf] - Compiling with Angular sources in Ivy partial compilation mode.
[build:opf] [32m✔[39m Compiling with Angular sources in Ivy partial compilation mode.
[build:opf] [32m✔[39m Generating FESM bundles
[build:opf] [32m✔[39m Built @spartacus/opf/cta/opf-api
[build:opf] [37m[39m
[build:opf] [37m------------------------------------------------------------------------------[39m
[build:opf] [37mBuilding entry point '@spartacus/opf/cta'[39m
[build:opf] [37m------------------------------------------------------------------------------[39m
[build:opf] - Compiling with Angular sources in Ivy partial compilation mode.
[build:opf] [32m✔[39m Compiling with Angular sources in Ivy partial compilation mode.
[build:opf] [32m✔[39m Generating FESM bundles
[build:opf] [32m✔[39m Built @spartacus/opf/cta
[build:opf] [37m[39m
[build:opf] [37m------------------------------------------------------------------------------[39m
[build:opf] [37mBuilding entry point '@spartacus/opf/checkout'[39m
[build:opf] [37m------------------------------------------------------------------------------[39m
[build:opf] - Compiling with Angular sources in Ivy partial compilation mode.
[build:opf] [32m✔[39m Compiling with Angular sources in Ivy partial compilation mode.
[build:opf] [32m✔[39m Generating FESM bundles
[build:opf] [32m✔[39m Built @spartacus/opf/checkout
[build:opf] [37m[39m
[build:opf] [37m------------------------------------------------------------------------------[39m
[build:opf] [37mBuilding entry point '@spartacus/opf/global-functions/core'[39m
[build:opf] [37m------------------------------------------------------------------------------[39m
[build:opf] - Compiling with Angular sources in Ivy partial compilation mode.
[build:opf] [32m✔[39m Compiling with Angular sources in Ivy partial compilation mode.
[build:opf] [32m✔[39m Generating FESM bundles
[build:opf] [32m✔[39m Built @spartacus/opf/global-functions/core
[build:opf] [37m[39m
[build:opf] [37m------------------------------------------------------------------------------[39m
[build:opf] [37mBuilding entry point '@spartacus/opf/global-functions'[39m
[build:opf] [37m------------------------------------------------------------------------------[39m
[build:opf] - Compiling with Angular sources in Ivy partial compilation mode.
[build:opf] [32m✔[39m Compiling with Angular sources in Ivy partial compilation mode.
[build:opf] [32m✔[39m Generating FESM bundles
[build:opf] [32m✔[39m Built @spartacus/opf/global-functions
[build:opf] [37m[39m
[build:opf] [37m------------------------------------------------------------------------------[39m
[build:opf] [37mBuilding entry point '@spartacus/opf/quick-buy/root'[39m
[build:opf] [37m------------------------------------------------------------------------------[39m
[build:opf] - Compiling with Angular sources in Ivy partial compilation mode.
[build:opf] [32m✔[39m Compiling with Angular sources in Ivy partial compilation mode.
[build:opf] [32m✔[39m Generating FESM bundles
[build:opf] [32m✔[39m Built @spartacus/opf/quick-buy/root
[build:opf] - Compiling with Angular sources in Ivy partial compilation mode.
[build:opf] [37m[39m
[build:opf] [37m------------------------------------------------------------------------------[39m
[build:opf] [37mBuilding entry point '@spartacus/opf/quick-buy/core'[39m
[build:opf] [37m------------------------------------------------------------------------------[39m
[build:opf] [32m✔[39m Compiling with Angular sources in Ivy partial compilation mode.
[build:opf] [32m✔[39m Generating FESM bundles
[build:opf] [32m✔[39m Built @spartacus/opf/quick-buy/core
[build:opf] [37m[39m
[build:opf] [37m------------------------------------------------------------------------------[39m
[build:opf] [37mBuilding entry point '@spartacus/opf/quick-buy/components'[39m
[build:opf] [37m------------------------------------------------------------------------------[39m
[build:opf] - Compiling with Angular sources in Ivy partial compilation mode.
[build:opf] [32m✔[39m Compiling with Angular sources in Ivy partial compilation mode.
[build:opf] [32m✔[39m Generating FESM bundles
[build:opf] [32m✔[39m Built @spartacus/opf/quick-buy/components
[build:opf] [37m[39m
[build:opf] [37m------------------------------------------------------------------------------[39m
[build:opf] [37mBuilding entry point '@spartacus/opf/quick-buy/opf-api'[39m
[build:opf] [37m------------------------------------------------------------------------------[39m
[build:opf] - Compiling with Angular sources in Ivy partial compilation mode.
[build:opf] [32m✔[39m Compiling with Angular sources in Ivy partial compilation mode.
[build:opf] [32m✔[39m Generating FESM bundles
[build:opf] [32m✔[39m Built @spartacus/opf/quick-buy/opf-api
[build:opf] [37m[39m
[build:opf] [37m------------------------------------------------------------------------------[39m
[build:opf] [37mBuilding entry point '@spartacus/opf/quick-buy'[39m
[build:opf] [37m------------------------------------------------------------------------------[39m
[build:opf] - Compiling with Angular sources in Ivy partial compilation mode.
[build:opf] [32m✔[39m Compiling with Angular sources in Ivy partial compilation mode.
[build:opf] [32m✔[39m Generating FESM bundles
[build:opf] [32m✔[39m Built @spartacus/opf/quick-buy
[build:opf] [37m[39m
[build:opf] [37m------------------------------------------------------------------------------[39m
[build:opf] [37mBuilding entry point '@spartacus/opf/payment/opf-api'[39m
[build:opf] [37m------------------------------------------------------------------------------[39m
[build:opf] - Compiling with Angular sources in Ivy partial compilation mode.
[build:opf] [32m✔[39m Compiling with Angular sources in Ivy partial compilation mode.
[build:opf] [32m✔[39m Generating FESM bundles
[build:opf] [32m✔[39m Built @spartacus/opf/payment/opf-api
[build:opf] [37m[39m
[build:opf] [37m------------------------------------------------------------------------------[39m
[build:opf] [37mBuilding entry point '@spartacus/opf/payment/occ'[39m
[build:opf] [37m------------------------------------------------------------------------------[39m
[build:opf] - Compiling with Angular sources in Ivy partial compilation mode.
[build:opf] [32m✔[39m Compiling with Angular sources in Ivy partial compilation mode.
[build:opf] [32m✔[39m Generating FESM bundles
[build:opf] [32m✔[39m Built @spartacus/opf/payment/occ
[build:opf] [37m[39m
[build:opf] [37m------------------------------------------------------------------------------[39m
[build:opf] [37mBuilding entry point '@spartacus/opf/payment'[39m
[build:opf] [37m------------------------------------------------------------------------------[39m
[build:opf] - Compiling with Angular sources in Ivy partial compilation mode.
[build:opf] [32m✔[39m Compiling with Angular sources in Ivy partial compilation mode.
[build:opf] [32m✔[39m Generating FESM bundles
[build:opf] [32m✔[39m Built @spartacus/opf/payment
[build:opf] [37m[39m
[build:opf] [37m------------------------------------------------------------------------------[39m
[build:opf] [37mBuilding entry point '@spartacus/opf/order'[39m
[build:opf] [37m------------------------------------------------------------------------------[39m
[build:opf] - Compiling with Angular sources in Ivy partial compilation mode.
[build:opf] [32m✔[39m Compiling with Angular sources in Ivy partial compilation mode.
[build:opf] [32m✔[39m Generating FESM bundles
[build:opf] [32m✔[39m Built @spartacus/opf/order
[build:opf] [37m[39m
[build:opf] [37m------------------------------------------------------------------------------[39m
[build:opf] [37mBuilding entry point '@spartacus/opf/b2b-checkout/root'[39m
[build:opf] [37m------------------------------------------------------------------------------[39m
[build:opf] - Compiling with Angular sources in Ivy partial compilation mode.
[build:opf] [32m✔[39m Compiling with Angular sources in Ivy partial compilation mode.
[build:opf] [32m✔[39m Generating FESM bundles
[build:opf] [32m✔[39m Built @spartacus/opf/b2b-checkout/root
[build:opf] [37m[39m
[build:opf] [37m------------------------------------------------------------------------------[39m
[build:opf] [37mBuilding entry point '@spartacus/opf/checkout/assets'[39m
[build:opf] [37m------------------------------------------------------------------------------[39m
[build:opf] - Compiling with Angular sources in Ivy partial compilation mode.
[build:opf] [32m✔[39m Compiling with Angular sources in Ivy partial compilation mode.
[build:opf] [32m✔[39m Generating FESM bundles
[build:opf] [32m✔[39m Built @spartacus/opf/checkout/assets
[build:opf] [37m[39m
[build:opf] [37m------------------------------------------------------------------------------[39m
[build:opf] [37mBuilding entry point '@spartacus/opf/payment/assets'[39m
[build:opf] [37m------------------------------------------------------------------------------[39m
[build:opf] - Compiling with Angular sources in Ivy partial compilation mode.
[build:opf] [32m✔[39m Compiling with Angular sources in Ivy partial compilation mode.
[build:opf] [32m✔[39m Generating FESM bundles
[build:opf] [32m✔[39m Built @spartacus/opf/payment/assets
[build:opf] [32m[39m
[build:opf] [32m------------------------------------------------------------------------------[39m
[build:opf] [32mBuilt Angular Package[39m
[build:opf] [32m - from: /Users/I845016/dev/spartacus/jdk21/server_test_devci77/spartacus/integration-libs/opf[39m
[build:opf] [32m - to:   /Users/I845016/dev/spartacus/jdk21/server_test_devci77/spartacus/dist/opf[39m
[build:opf] [32m------------------------------------------------------------------------------[39m
[build:opf] [37m[37m[39m[37m[39m
[build:opf] [37m[37mBuild at: [1m2025-10-21T17:33:30.275Z[22m - Time: [1m35357[22mms[39m[37m[39m
[build:opf] [37m[37m[39m[37m[39m
[build:opf] 
[build:opf] 
[build:opf] 
[build:opf]  NX   Successfully ran target build for project opf
[build:opf] 
[build:opf] 
[build:opf] npm run build:opf exited with code 0

> storefrontapp@0.0.0 build:setup
> nx build setup --configuration production


> nx run setup:build:production

[34mBuilding Angular Package[39m
[37m[39m
[37m------------------------------------------------------------------------------[39m
[37mBuilding entry point '@spartacus/setup'[39m
[37m------------------------------------------------------------------------------[39m
- Compiling with Angular sources in Ivy partial compilation mode.
[32m✔[39m Compiling with Angular sources in Ivy partial compilation mode.
[32m✔[39m Generating FESM bundles
- Copying assets
[32m✔[39m Copying assets
- Writing package manifest
[34mℹ[39m Removing scripts section in package.json as it's considered a potential security vulnerability.
[32m✔[39m Writing package manifest
[32m✔[39m Built @spartacus/setup
[37m[39m
[37m------------------------------------------------------------------------------[39m
[37mBuilding entry point '@spartacus/setup/ssr'[39m
[37m------------------------------------------------------------------------------[39m
- Compiling with Angular sources in Ivy partial compilation mode.
[32m✔[39m Compiling with Angular sources in Ivy partial compilation mode.
[32m✔[39m Generating FESM bundles
[32m✔[39m Built @spartacus/setup/ssr
[32m[39m
[32m------------------------------------------------------------------------------[39m
[32mBuilt Angular Package[39m
[32m - from: /Users/I845016/dev/spartacus/jdk21/server_test_devci77/spartacus/core-libs/setup[39m
[32m - to:   /Users/I845016/dev/spartacus/jdk21/server_test_devci77/spartacus/dist/setup[39m
[32m------------------------------------------------------------------------------[39m
[37m[37m[39m[37m[39m
[37m[37mBuild at: [1m2025-10-21T17:33:36.103Z[22m - Time: [1m3712[22mms[39m[37m[39m
[37m[37m[39m[37m[39m



 NX   Successfully ran target build for project setup



> storefrontapp@0.0.0 build:s4-service
> npm --prefix integration-libs/s4-service run build:schematics && nx build s4-service --configuration production


> @spartacus/s4-service@221121.2.0 build:schematics
> npm run clean:schematics && ../../node_modules/.bin/tsc -p ./tsconfig.schematics.json


> @spartacus/s4-service@221121.2.0 clean:schematics
> ../../node_modules/.bin/rimraf --glob "schematics/**/*.js" "schematics/**/*.js.map" "schematics/**/*.d.ts"


> nx run s4-service:build:production

[34mBuilding Angular Package[39m
[37m[39m
[37m------------------------------------------------------------------------------[39m
[37mBuilding entry point '@spartacus/s4-service'[39m
[37m------------------------------------------------------------------------------[39m
- Compiling with Angular sources in Ivy partial compilation mode.
[32m✔[39m Compiling with Angular sources in Ivy partial compilation mode.
[32m✔[39m Generating FESM bundles
- Copying assets
[32m✔[39m Copying assets
- Writing package manifest
[34mℹ[39m Removing scripts section in package.json as it's considered a potential security vulnerability.
[32m✔[39m Writing package manifest
[32m✔[39m Built @spartacus/s4-service
[37m[39m
[37m------------------------------------------------------------------------------[39m
[37mBuilding entry point '@spartacus/s4-service/assets'[39m
[37m------------------------------------------------------------------------------[39m
- Compiling with Angular sources in Ivy partial compilation mode.
[32m✔[39m Compiling with Angular sources in Ivy partial compilation mode.
[32m✔[39m Generating FESM bundles
[32m✔[39m Built @spartacus/s4-service/assets
[37m[39m
[37m------------------------------------------------------------------------------[39m
[37mBuilding entry point '@spartacus/s4-service/root'[39m
[37m------------------------------------------------------------------------------[39m
- Compiling with Angular sources in Ivy partial compilation mode.
[32m✔[39m Compiling with Angular sources in Ivy partial compilation mode.
[32m✔[39m Generating FESM bundles
[32m✔[39m Built @spartacus/s4-service/root
[37m[39m
[37m------------------------------------------------------------------------------[39m
[37mBuilding entry point '@spartacus/s4-service/checkout'[39m
[37m------------------------------------------------------------------------------[39m
- Compiling with Angular sources in Ivy partial compilation mode.
[32m✔[39m Compiling with Angular sources in Ivy partial compilation mode.
[32m✔[39m Generating FESM bundles
[32m✔[39m Built @spartacus/s4-service/checkout
[37m[39m
[37m------------------------------------------------------------------------------[39m
[37mBuilding entry point '@spartacus/s4-service/order'[39m
[37m------------------------------------------------------------------------------[39m
- Compiling with Angular sources in Ivy partial compilation mode.
[32m✔[39m Compiling with Angular sources in Ivy partial compilation mode.
[32m✔[39m Generating FESM bundles
[32m✔[39m Built @spartacus/s4-service/order
[32m[39m
[32m------------------------------------------------------------------------------[39m
[32mBuilt Angular Package[39m
[32m - from: /Users/I845016/dev/spartacus/jdk21/server_test_devci77/spartacus/integration-libs/s4-service[39m
[32m - to:   /Users/I845016/dev/spartacus/jdk21/server_test_devci77/spartacus/dist/s4-service[39m
[32m------------------------------------------------------------------------------[39m
[37m[37m[39m[37m[39m
[37m[37mBuild at: [1m2025-10-21T17:33:45.737Z[22m - Time: [1m6077[22mms[39m[37m[39m
[37m[37m[39m[37m[39m



 NX   Successfully ran target build for project s4-service


